[2026-09-21 14:53:05,222] {dag_processing.py:601} INFO - Processing files using up to 2 processes at a time 
[2026-09-21 14:53:05,223] {dag_processing.py:602} INFO - Process each file at most once every 30 seconds
[2026-09-21 14:53:05,223] {dag_processing.py:604} INFO - Checking for new files in /opt/airflow/dags every 300 seconds
[2026-09-21 14:53:05,223] {dag_processing.py:752} INFO - Searching for files in /opt/airflow/dags
[2026-09-21 14:53:05,235] {dag_processing.py:755} INFO - There are 27 files in /opt/airflow/dags
[2026-09-21 14:53:12,527] {dag_processing.py:601} INFO - Processing files using up to 2 processes at a time 
[2026-09-21 14:53:12,528] {dag_processing.py:602} INFO - Process each file at most once every 30 seconds
[2026-09-21 14:53:12,528] {dag_processing.py:604} INFO - Checking for new files in /opt/airflow/dags every 300 seconds
[2026-09-21 14:53:12,528] {dag_processing.py:752} INFO - Searching for files in /opt/airflow/dags
[2026-09-21 14:53:12,536] {dag_processing.py:755} INFO - There are 27 files in /opt/airflow/dags
[2026-09-21 14:53:12,595] {dag_processing.py:1092} INFO - Finding 'running' jobs without a recent heartbeat
[2026-09-21 14:53:12,596] {dag_processing.py:1096} INFO - Failing jobs without heartbeat after 2026-09-21 14:48:12.596804+00:00
[2026-09-21 14:53:12,636] {dag_processing.py:859} INFO - 
================================================================================
DAG File Processing Stats

File Path                                                                                                           PID  Runtime      # DAGs    # Errors  Last Runtime    Last Run
----------------------------------------------------------------------------------------------------------------  -----  ---------  --------  ----------  --------------  ----------
/opt/airflow/dags/datastore_pipeline.py                                                                                                    0           0
/home/airflow/.local/lib/python3.6/site-packages/airflow/example_dags/example_bash_operator.py                                             0           0
/home/airflow/.local/lib/python3.6/site-packages/airflow/example_dags/example_branch_operator.py                                           0           0
/home/airflow/.local/lib/python3.6/site-packages/airflow/example_dags/example_branch_python_dop_operator_3.py                              0           0
/home/airflow/.local/lib/python3.6/site-packages/airflow/example_dags/example_complex.py                                                   0           0
/home/airflow/.local/lib/python3.6/site-packages/airflow/example_dags/example_dag_decorator.py                                             0           0
/home/airflow/.local/lib/python3.6/site-packages/airflow/example_dags/example_external_task_marker_dag.py                                  0           0
/home/airflow/.local/lib/python3.6/site-packages/airflow/example_dags/example_kubernetes_executor.py                                       0           0
/home/airflow/.local/lib/python3.6/site-packages/airflow/example_dags/example_kubernetes_executor_config.py                                0           0
/home/airflow/.local/lib/python3.6/site-packages/airflow/example_dags/example_latest_only.py                                               0           0
/home/airflow/.local/lib/python3.6/site-packages/airflow/example_dags/example_latest_only_with_trigger.py                                  0           0
/home/airflow/.local/lib/python3.6/site-packages/airflow/example_dags/example_nested_branch_dag.py                                         0           0
/home/airflow/.local/lib/python3.6/site-packages/airflow/example_dags/example_passing_params_via_test_command.py                           0           0
/home/airflow/.local/lib/python3.6/site-packages/airflow/example_dags/example_python_operator.py                     32  0.03s             0           0
/home/airflow/.local/lib/python3.6/site-packages/airflow/example_dags/example_short_circuit_operator.py                                    0           0
/home/airflow/.local/lib/python3.6/site-packages/airflow/example_dags/example_skip_dag.py                                                  0           0
/home/airflow/.local/lib/python3.6/site-packages/airflow/example_dags/example_subdag_operator.py                                           0           0
/home/airflow/.local/lib/python3.6/site-packages/airflow/example_dags/example_task_group.py                                                0           0
/home/airflow/.local/lib/python3.6/site-packages/airflow/example_dags/example_trigger_controller_dag.py                                    0           0
/home/airflow/.local/lib/python3.6/site-packages/airflow/example_dags/example_trigger_target_dag.py                                        0           0
/home/airflow/.local/lib/python3.6/site-packages/airflow/example_dags/example_xcom.py                                                      0           0
/home/airflow/.local/lib/python3.6/site-packages/airflow/example_dags/example_xcomargs.py                                                  0           0
/home/airflow/.local/lib/python3.6/site-packages/airflow/example_dags/test_utils.py                                                        0           0
/home/airflow/.local/lib/python3.6/site-packages/airflow/example_dags/tutorial.py                                                          0           0
/home/airflow/.local/lib/python3.6/site-packages/airflow/example_dags/tutorial_etl_dag.py                                                  0           0
/home/airflow/.local/lib/python3.6/site-packages/airflow/example_dags/tutorial_taskflow_api_etl.py                                         0           0
/home/airflow/.local/lib/python3.6/site-packages/airflow/example_dags/subdags/subdag.py                              31  0.04s             0           0
================================================================================
[2026-09-21 14:53:23,335] {dag_processing.py:1092} INFO - Finding 'running' jobs without a recent heartbeat
[2026-09-21 14:53:23,336] {dag_processing.py:1096} INFO - Failing jobs without heartbeat after 2026-09-21 14:48:23.336448+00:00
[2026-09-21 14:53:33,379] {dag_processing.py:1092} INFO - Finding 'running' jobs without a recent heartbeat
[2026-09-21 14:53:33,379] {dag_processing.py:1096} INFO - Failing jobs without heartbeat after 2026-09-21 14:48:33.379837+00:00
[2026-09-21 14:53:43,416] {dag_processing.py:1092} INFO - Finding 'running' jobs without a recent heartbeat
[2026-09-21 14:53:43,420] {dag_processing.py:1096} INFO - Failing jobs without heartbeat after 2026-09-21 14:48:43.420427+00:00
[2026-09-21 14:53:43,450] {dag_processing.py:859} INFO - 
================================================================================
DAG File Processing Stats

File Path                                                                                                           PID  Runtime      # DAGs    # Errors  Last Runtime    Last Run
----------------------------------------------------------------------------------------------------------------  -----  ---------  --------  ----------  --------------  -------------------
/opt/airflow/dags/datastore_pipeline.py                                                                                                    0           1  2.06s           2026-09-21T14:53:16
/home/airflow/.local/lib/python3.6/site-packages/airflow/example_dags/subdags/subdag.py                              58  0.01s             0           0  0.07s           2026-09-21T14:53:12
/home/airflow/.local/lib/python3.6/site-packages/airflow/example_dags/example_bash_operator.py                                             1           0  0.21s           2026-09-21T14:53:13
/home/airflow/.local/lib/python3.6/site-packages/airflow/example_dags/example_branch_operator.py                                           1           0  0.16s           2026-09-21T14:53:13
/home/airflow/.local/lib/python3.6/site-packages/airflow/example_dags/example_branch_python_dop_operator_3.py                              1           0  0.28s           2026-09-21T14:53:13
/home/airflow/.local/lib/python3.6/site-packages/airflow/example_dags/example_complex.py                                                   1           0  0.22s           2026-09-21T14:53:15
/home/airflow/.local/lib/python3.6/site-packages/airflow/example_dags/example_dag_decorator.py                                             1           0  0.16s           2026-09-21T14:53:15
/home/airflow/.local/lib/python3.6/site-packages/airflow/example_dags/example_kubernetes_executor.py                                       1           0  0.16s           2026-09-21T14:53:13
/home/airflow/.local/lib/python3.6/site-packages/airflow/example_dags/example_kubernetes_executor_config.py                                1           0  0.16s           2026-09-21T14:53:12
/home/airflow/.local/lib/python3.6/site-packages/airflow/example_dags/example_latest_only.py                                               1           0  0.19s           2026-09-21T14:53:14
/home/airflow/.local/lib/python3.6/site-packages/airflow/example_dags/example_latest_only_with_trigger.py                                  1           0  0.19s           2026-09-21T14:53:13
/home/airflow/.local/lib/python3.6/site-packages/airflow/example_dags/example_nested_branch_dag.py                                         1           0  0.18s           2026-09-21T14:53:12
/home/airflow/.local/lib/python3.6/site-packages/airflow/example_dags/example_passing_params_via_test_command.py                           1           0  0.18s           2026-09-21T14:53:16
/home/airflow/.local/lib/python3.6/site-packages/airflow/example_dags/example_python_operator.py                     59  0.01s             1           0  0.17s           2026-09-21T14:53:12
/home/airflow/.local/lib/python3.6/site-packages/airflow/example_dags/example_short_circuit_operator.py                                    1           0  0.21s           2026-09-21T14:53:13
/home/airflow/.local/lib/python3.6/site-packages/airflow/example_dags/example_skip_dag.py                                                  1           0  0.17s           2026-09-21T14:53:15
/home/airflow/.local/lib/python3.6/site-packages/airflow/example_dags/example_task_group.py                                                1           0  0.21s           2026-09-21T14:53:13
/home/airflow/.local/lib/python3.6/site-packages/airflow/example_dags/example_trigger_controller_dag.py                                    1           0  0.14s           2026-09-21T14:53:12
/home/airflow/.local/lib/python3.6/site-packages/airflow/example_dags/example_trigger_target_dag.py                                        1           0  0.14s           2026-09-21T14:53:16
/home/airflow/.local/lib/python3.6/site-packages/airflow/example_dags/example_xcom.py                                                      1           0  0.13s           2026-09-21T14:53:15
/home/airflow/.local/lib/python3.6/site-packages/airflow/example_dags/test_utils.py                                                        1           0  0.15s           2026-09-21T14:53:15
/home/airflow/.local/lib/python3.6/site-packages/airflow/example_dags/tutorial.py                                                          1           0  0.14s           2026-09-21T14:53:15
/home/airflow/.local/lib/python3.6/site-packages/airflow/example_dags/tutorial_etl_dag.py                                                  1           0  0.19s           2026-09-21T14:53:13
/home/airflow/.local/lib/python3.6/site-packages/airflow/example_dags/tutorial_taskflow_api_etl.py                                         1           0  0.15s           2026-09-21T14:53:16
/home/airflow/.local/lib/python3.6/site-packages/airflow/example_dags/example_external_task_marker_dag.py                                  2           0  0.15s           2026-09-21T14:53:16
/home/airflow/.local/lib/python3.6/site-packages/airflow/example_dags/example_xcomargs.py                                                  2           0  0.21s           2026-09-21T14:53:13
/home/airflow/.local/lib/python3.6/site-packages/airflow/example_dags/example_subdag_operator.py                                           3           0  0.17s           2026-09-21T14:53:16
================================================================================
[2026-09-21 14:53:54,326] {dag_processing.py:1092} INFO - Finding 'running' jobs without a recent heartbeat
[2026-09-21 14:53:54,327] {dag_processing.py:1096} INFO - Failing jobs without heartbeat after 2026-09-21 14:48:54.327388+00:00
[2026-09-21 14:54:04,359] {dag_processing.py:1092} INFO - Finding 'running' jobs without a recent heartbeat
[2026-09-21 14:54:04,360] {dag_processing.py:1096} INFO - Failing jobs without heartbeat after 2026-09-21 14:49:04.360143+00:00
[2026-09-21 14:54:14,386] {dag_processing.py:1092} INFO - Finding 'running' jobs without a recent heartbeat
[2026-09-21 14:54:14,387] {dag_processing.py:1096} INFO - Failing jobs without heartbeat after 2026-09-21 14:49:14.387147+00:00
[2026-09-21 14:54:14,414] {dag_processing.py:859} INFO - 
================================================================================
DAG File Processing Stats

File Path                                                                                                           PID  Runtime      # DAGs    # Errors  Last Runtime    Last Run
----------------------------------------------------------------------------------------------------------------  -----  ---------  --------  ----------  --------------  -------------------
/opt/airflow/dags/datastore_pipeline.py                                                                                                    0           1  0.65s           2026-09-21T14:53:47
/home/airflow/.local/lib/python3.6/site-packages/airflow/example_dags/subdags/subdag.py                              85  0.01s             0           0  0.05s           2026-09-21T14:53:43
/home/airflow/.local/lib/python3.6/site-packages/airflow/example_dags/example_bash_operator.py                                             1           0  0.13s           2026-09-21T14:53:44
/home/airflow/.local/lib/python3.6/site-packages/airflow/example_dags/example_branch_operator.py                                           1           0  0.15s           2026-09-21T14:53:43
/home/airflow/.local/lib/python3.6/site-packages/airflow/example_dags/example_branch_python_dop_operator_3.py                              1           0  0.16s           2026-09-21T14:53:44
/home/airflow/.local/lib/python3.6/site-packages/airflow/example_dags/example_complex.py                                                   1           0  0.11s           2026-09-21T14:53:45
/home/airflow/.local/lib/python3.6/site-packages/airflow/example_dags/example_dag_decorator.py                                             1           0  0.10s           2026-09-21T14:53:45
/home/airflow/.local/lib/python3.6/site-packages/airflow/example_dags/example_kubernetes_executor.py                                       1           0  0.15s           2026-09-21T14:53:43
/home/airflow/.local/lib/python3.6/site-packages/airflow/example_dags/example_kubernetes_executor_config.py                                1           0  0.12s           2026-09-21T14:53:43
/home/airflow/.local/lib/python3.6/site-packages/airflow/example_dags/example_latest_only.py                                               1           0  0.10s           2026-09-21T14:53:45
/home/airflow/.local/lib/python3.6/site-packages/airflow/example_dags/example_latest_only_with_trigger.py                                  1           0  0.11s           2026-09-21T14:53:44
/home/airflow/.local/lib/python3.6/site-packages/airflow/example_dags/example_nested_branch_dag.py                                         1           0  0.17s           2026-09-21T14:53:43
/home/airflow/.local/lib/python3.6/site-packages/airflow/example_dags/example_passing_params_via_test_command.py                           1           0  0.13s           2026-09-21T14:53:47
/home/airflow/.local/lib/python3.6/site-packages/airflow/example_dags/example_python_operator.py                                           1           0  0.12s           2026-09-21T14:53:43
/home/airflow/.local/lib/python3.6/site-packages/airflow/example_dags/example_short_circuit_operator.py              86  0.01s             1           0  0.12s           2026-09-21T14:53:44
/home/airflow/.local/lib/python3.6/site-packages/airflow/example_dags/example_skip_dag.py                                                  1           0  0.10s           2026-09-21T14:53:46
/home/airflow/.local/lib/python3.6/site-packages/airflow/example_dags/example_task_group.py                                                1           0  0.14s           2026-09-21T14:53:43
/home/airflow/.local/lib/python3.6/site-packages/airflow/example_dags/example_trigger_controller_dag.py                                    1           0  0.12s           2026-09-21T14:53:43
/home/airflow/.local/lib/python3.6/site-packages/airflow/example_dags/example_trigger_target_dag.py                                        1           0  0.12s           2026-09-21T14:53:46
/home/airflow/.local/lib/python3.6/site-packages/airflow/example_dags/example_xcom.py                                                      1           0  0.12s           2026-09-21T14:53:46
/home/airflow/.local/lib/python3.6/site-packages/airflow/example_dags/test_utils.py                                                        1           0  0.10s           2026-09-21T14:53:46
/home/airflow/.local/lib/python3.6/site-packages/airflow/example_dags/tutorial.py                                                          1           0  0.09s           2026-09-21T14:53:45
/home/airflow/.local/lib/python3.6/site-packages/airflow/example_dags/tutorial_etl_dag.py                                                  1           0  0.12s           2026-09-21T14:53:44
/home/airflow/.local/lib/python3.6/site-packages/airflow/example_dags/tutorial_taskflow_api_etl.py                                         1           0  0.12s           2026-09-21T14:53:47
/home/airflow/.local/lib/python3.6/site-packages/airflow/example_dags/example_external_task_marker_dag.py                                  2           0  0.11s           2026-09-21T14:53:47
/home/airflow/.local/lib/python3.6/site-packages/airflow/example_dags/example_xcomargs.py                                                  2           0  0.12s           2026-09-21T14:53:44
/home/airflow/.local/lib/python3.6/site-packages/airflow/example_dags/example_subdag_operator.py                                           3           0  0.15s           2026-09-21T14:53:47
================================================================================
[2026-09-21 14:54:24,481] {dag_processing.py:1092} INFO - Finding 'running' jobs without a recent heartbeat
[2026-09-21 14:54:24,482] {dag_processing.py:1096} INFO - Failing jobs without heartbeat after 2026-09-21 14:49:24.482431+00:00
[2026-09-21 14:54:34,505] {dag_processing.py:1092} INFO - Finding 'running' jobs without a recent heartbeat
[2026-09-21 14:54:34,506] {dag_processing.py:1096} INFO - Failing jobs without heartbeat after 2026-09-21 14:49:34.506209+00:00
[2026-09-21 14:54:44,527] {dag_processing.py:1092} INFO - Finding 'running' jobs without a recent heartbeat
[2026-09-21 14:54:44,527] {dag_processing.py:1096} INFO - Failing jobs without heartbeat after 2026-09-21 14:49:44.527823+00:00
[2026-09-21 14:54:44,554] {dag_processing.py:859} INFO - 
================================================================================
DAG File Processing Stats

File Path                                                                                                           PID  Runtime      # DAGs    # Errors  Last Runtime    Last Run
----------------------------------------------------------------------------------------------------------------  -----  ---------  --------  ----------  --------------  -------------------
/opt/airflow/dags/datastore_pipeline.py                                                                                                    0           1  0.66s           2026-09-21T14:54:18
/home/airflow/.local/lib/python3.6/site-packages/airflow/example_dags/subdags/subdag.py                             112  0.01s             0           0  0.05s           2026-09-21T14:54:14
/home/airflow/.local/lib/python3.6/site-packages/airflow/example_dags/example_bash_operator.py                                             1           0  0.13s           2026-09-21T14:54:15
/home/airflow/.local/lib/python3.6/site-packages/airflow/example_dags/example_branch_operator.py                                           1           0  0.14s           2026-09-21T14:54:15
/home/airflow/.local/lib/python3.6/site-packages/airflow/example_dags/example_branch_python_dop_operator_3.py                              1           0  0.15s           2026-09-21T14:54:15
/home/airflow/.local/lib/python3.6/site-packages/airflow/example_dags/example_complex.py                                                   1           0  0.15s           2026-09-21T14:54:16
/home/airflow/.local/lib/python3.6/site-packages/airflow/example_dags/example_dag_decorator.py                                             1           0  0.16s           2026-09-21T14:54:16
/home/airflow/.local/lib/python3.6/site-packages/airflow/example_dags/example_kubernetes_executor.py                                       1           0  0.12s           2026-09-21T14:54:14
/home/airflow/.local/lib/python3.6/site-packages/airflow/example_dags/example_kubernetes_executor_config.py                                1           0  0.13s           2026-09-21T14:54:14
/home/airflow/.local/lib/python3.6/site-packages/airflow/example_dags/example_latest_only.py                                               1           0  0.11s           2026-09-21T14:54:16
/home/airflow/.local/lib/python3.6/site-packages/airflow/example_dags/example_latest_only_with_trigger.py                                  1           0  0.12s           2026-09-21T14:54:14
/home/airflow/.local/lib/python3.6/site-packages/airflow/example_dags/example_nested_branch_dag.py                                         1           0  0.13s           2026-09-21T14:54:14
/home/airflow/.local/lib/python3.6/site-packages/airflow/example_dags/example_passing_params_via_test_command.py                           1           0  0.16s           2026-09-21T14:54:18
/home/airflow/.local/lib/python3.6/site-packages/airflow/example_dags/example_python_operator.py                                           1           0  0.12s           2026-09-21T14:54:14
/home/airflow/.local/lib/python3.6/site-packages/airflow/example_dags/example_short_circuit_operator.py             113  0.01s             1           0  0.13s           2026-09-21T14:54:14
/home/airflow/.local/lib/python3.6/site-packages/airflow/example_dags/example_skip_dag.py                                                  1           0  0.14s           2026-09-21T14:54:18
/home/airflow/.local/lib/python3.6/site-packages/airflow/example_dags/example_task_group.py                                                1           0  0.12s           2026-09-21T14:54:15
/home/airflow/.local/lib/python3.6/site-packages/airflow/example_dags/example_trigger_controller_dag.py                                    1           0  0.12s           2026-09-21T14:54:14
/home/airflow/.local/lib/python3.6/site-packages/airflow/example_dags/example_trigger_target_dag.py                                        1           0  0.12s           2026-09-21T14:54:17
/home/airflow/.local/lib/python3.6/site-packages/airflow/example_dags/example_xcom.py                                                      1           0  0.11s           2026-09-21T14:54:17
/home/airflow/.local/lib/python3.6/site-packages/airflow/example_dags/test_utils.py                                                        1           0  0.11s           2026-09-21T14:54:17
/home/airflow/.local/lib/python3.6/site-packages/airflow/example_dags/tutorial.py                                                          1           0  0.12s           2026-09-21T14:54:16
/home/airflow/.local/lib/python3.6/site-packages/airflow/example_dags/tutorial_etl_dag.py                                                  1           0  0.12s           2026-09-21T14:54:14
/home/airflow/.local/lib/python3.6/site-packages/airflow/example_dags/tutorial_taskflow_api_etl.py                                         1           0  0.13s           2026-09-21T14:54:18
/home/airflow/.local/lib/python3.6/site-packages/airflow/example_dags/example_external_task_marker_dag.py                                  2           0  0.13s           2026-09-21T14:54:18
/home/airflow/.local/lib/python3.6/site-packages/airflow/example_dags/example_xcomargs.py                                                  2           0  0.14s           2026-09-21T14:54:15
/home/airflow/.local/lib/python3.6/site-packages/airflow/example_dags/example_subdag_operator.py                                           3           0  0.15s           2026-09-21T14:54:18
================================================================================
[2026-09-21 14:54:54,552] {dag_processing.py:1092} INFO - Finding 'running' jobs without a recent heartbeat
[2026-09-21 14:54:54,552] {dag_processing.py:1096} INFO - Failing jobs without heartbeat after 2026-09-21 14:49:54.552863+00:00
[2026-09-21 14:55:04,578] {dag_processing.py:1092} INFO - Finding 'running' jobs without a recent heartbeat
[2026-09-21 14:55:04,579] {dag_processing.py:1096} INFO - Failing jobs without heartbeat after 2026-09-21 14:50:04.579015+00:00
[2026-09-21 14:55:14,598] {dag_processing.py:1092} INFO - Finding 'running' jobs without a recent heartbeat
[2026-09-21 14:55:14,598] {dag_processing.py:1096} INFO - Failing jobs without heartbeat after 2026-09-21 14:50:14.598923+00:00
[2026-09-21 14:55:14,613] {dag_processing.py:859} INFO - 
================================================================================
DAG File Processing Stats

File Path                                                                                                           PID  Runtime      # DAGs    # Errors  Last Runtime    Last Run
----------------------------------------------------------------------------------------------------------------  -----  ---------  --------  ----------  --------------  -------------------
/opt/airflow/dags/datastore_pipeline.py                                                                                                    0           1  0.51s           2026-09-21T14:54:49
/home/airflow/.local/lib/python3.6/site-packages/airflow/example_dags/subdags/subdag.py                             139  0.00s             0           0  0.04s           2026-09-21T14:54:44
/home/airflow/.local/lib/python3.6/site-packages/airflow/example_dags/example_bash_operator.py                                             1           0  0.11s           2026-09-21T14:54:45
/home/airflow/.local/lib/python3.6/site-packages/airflow/example_dags/example_branch_operator.py                                           1           0  0.12s           2026-09-21T14:54:45
/home/airflow/.local/lib/python3.6/site-packages/airflow/example_dags/example_branch_python_dop_operator_3.py                              1           0  0.13s           2026-09-21T14:54:45
/home/airflow/.local/lib/python3.6/site-packages/airflow/example_dags/example_complex.py                                                   1           0  0.15s           2026-09-21T14:54:46
/home/airflow/.local/lib/python3.6/site-packages/airflow/example_dags/example_dag_decorator.py                                             1           0  0.11s           2026-09-21T14:54:46
/home/airflow/.local/lib/python3.6/site-packages/airflow/example_dags/example_kubernetes_executor.py                                       1           0  0.11s           2026-09-21T14:54:45
/home/airflow/.local/lib/python3.6/site-packages/airflow/example_dags/example_kubernetes_executor_config.py                                1           0  0.09s           2026-09-21T14:54:44
/home/airflow/.local/lib/python3.6/site-packages/airflow/example_dags/example_latest_only.py                                               1           0  0.09s           2026-09-21T14:54:46
/home/airflow/.local/lib/python3.6/site-packages/airflow/example_dags/example_latest_only_with_trigger.py                                  1           0  0.10s           2026-09-21T14:54:45
/home/airflow/.local/lib/python3.6/site-packages/airflow/example_dags/example_nested_branch_dag.py                                         1           0  0.12s           2026-09-21T14:54:44
/home/airflow/.local/lib/python3.6/site-packages/airflow/example_dags/example_passing_params_via_test_command.py                           1           0  0.12s           2026-09-21T14:54:49
/home/airflow/.local/lib/python3.6/site-packages/airflow/example_dags/example_python_operator.py                                           1           0  0.10s           2026-09-21T14:54:44
/home/airflow/.local/lib/python3.6/site-packages/airflow/example_dags/example_short_circuit_operator.py                                    1           0  0.11s           2026-09-21T14:54:44
/home/airflow/.local/lib/python3.6/site-packages/airflow/example_dags/example_skip_dag.py                                                  1           0  0.09s           2026-09-21T14:54:48
/home/airflow/.local/lib/python3.6/site-packages/airflow/example_dags/example_task_group.py                                                1           0  0.10s           2026-09-21T14:54:45
/home/airflow/.local/lib/python3.6/site-packages/airflow/example_dags/example_trigger_controller_dag.py                                    1           0  0.11s           2026-09-21T14:54:44
/home/airflow/.local/lib/python3.6/site-packages/airflow/example_dags/example_trigger_target_dag.py                                        1           0  0.12s           2026-09-21T14:54:47
/home/airflow/.local/lib/python3.6/site-packages/airflow/example_dags/example_xcom.py                                                      1           0  0.09s           2026-09-21T14:54:48
/home/airflow/.local/lib/python3.6/site-packages/airflow/example_dags/test_utils.py                                                        1           0  0.09s           2026-09-21T14:54:47
/home/airflow/.local/lib/python3.6/site-packages/airflow/example_dags/tutorial.py                                                          1           0  0.09s           2026-09-21T14:54:46
/home/airflow/.local/lib/python3.6/site-packages/airflow/example_dags/tutorial_etl_dag.py                                                  1           0  0.11s           2026-09-21T14:54:44
/home/airflow/.local/lib/python3.6/site-packages/airflow/example_dags/tutorial_taskflow_api_etl.py                                         1           0  0.10s           2026-09-21T14:54:49
/home/airflow/.local/lib/python3.6/site-packages/airflow/example_dags/example_external_task_marker_dag.py                                  2           0  0.11s           2026-09-21T14:54:49
/home/airflow/.local/lib/python3.6/site-packages/airflow/example_dags/example_xcomargs.py                                                  2           0  0.12s           2026-09-21T14:54:45
/home/airflow/.local/lib/python3.6/site-packages/airflow/example_dags/example_subdag_operator.py                                           3           0  0.13s           2026-09-21T14:54:49
================================================================================
[2026-09-21 14:55:25,208] {dag_processing.py:1092} INFO - Finding 'running' jobs without a recent heartbeat
[2026-09-21 14:55:25,208] {dag_processing.py:1096} INFO - Failing jobs without heartbeat after 2026-09-21 14:50:25.208360+00:00
[2026-09-21 14:55:35,235] {dag_processing.py:1092} INFO - Finding 'running' jobs without a recent heartbeat
[2026-09-21 14:55:35,236] {dag_processing.py:1096} INFO - Failing jobs without heartbeat after 2026-09-21 14:50:35.236164+00:00
[2026-09-21 14:55:45,263] {dag_processing.py:1092} INFO - Finding 'running' jobs without a recent heartbeat
[2026-09-21 14:55:45,263] {dag_processing.py:1096} INFO - Failing jobs without heartbeat after 2026-09-21 14:50:45.263774+00:00
[2026-09-21 14:55:45,280] {dag_processing.py:859} INFO - 
================================================================================
DAG File Processing Stats

File Path                                                                                                           PID  Runtime      # DAGs    # Errors  Last Runtime    Last Run
----------------------------------------------------------------------------------------------------------------  -----  ---------  --------  ----------  --------------  -------------------
/opt/airflow/dags/datastore_pipeline.py                                                                                                    0           1  0.49s           2026-09-21T14:55:20
/home/airflow/.local/lib/python3.6/site-packages/airflow/example_dags/subdags/subdag.py                             166  0.00s             0           0  0.04s           2026-09-21T14:55:14
/home/airflow/.local/lib/python3.6/site-packages/airflow/example_dags/example_bash_operator.py                                             1           0  0.10s           2026-09-21T14:55:16
/home/airflow/.local/lib/python3.6/site-packages/airflow/example_dags/example_branch_operator.py                                           1           0  0.11s           2026-09-21T14:55:16
/home/airflow/.local/lib/python3.6/site-packages/airflow/example_dags/example_branch_python_dop_operator_3.py                              1           0  0.12s           2026-09-21T14:55:16
/home/airflow/.local/lib/python3.6/site-packages/airflow/example_dags/example_complex.py                                                   1           0  0.11s           2026-09-21T14:55:17
/home/airflow/.local/lib/python3.6/site-packages/airflow/example_dags/example_dag_decorator.py                                             1           0  0.11s           2026-09-21T14:55:17
/home/airflow/.local/lib/python3.6/site-packages/airflow/example_dags/example_kubernetes_executor.py                                       1           0  0.10s           2026-09-21T14:55:16
/home/airflow/.local/lib/python3.6/site-packages/airflow/example_dags/example_kubernetes_executor_config.py                                1           0  0.10s           2026-09-21T14:55:15
/home/airflow/.local/lib/python3.6/site-packages/airflow/example_dags/example_latest_only.py                                               1           0  0.09s           2026-09-21T14:55:17
/home/airflow/.local/lib/python3.6/site-packages/airflow/example_dags/example_latest_only_with_trigger.py                                  1           0  0.10s           2026-09-21T14:55:16
/home/airflow/.local/lib/python3.6/site-packages/airflow/example_dags/example_nested_branch_dag.py                                         1           0  0.10s           2026-09-21T14:55:16
/home/airflow/.local/lib/python3.6/site-packages/airflow/example_dags/example_passing_params_via_test_command.py                           1           0  0.12s           2026-09-21T14:55:19
/home/airflow/.local/lib/python3.6/site-packages/airflow/example_dags/example_python_operator.py                                           1           0  0.10s           2026-09-21T14:55:15
/home/airflow/.local/lib/python3.6/site-packages/airflow/example_dags/example_short_circuit_operator.py                                    1           0  0.10s           2026-09-21T14:55:15
/home/airflow/.local/lib/python3.6/site-packages/airflow/example_dags/example_skip_dag.py                                                  1           0  0.09s           2026-09-21T14:55:18
/home/airflow/.local/lib/python3.6/site-packages/airflow/example_dags/example_task_group.py                                                1           0  0.09s           2026-09-21T14:55:16
/home/airflow/.local/lib/python3.6/site-packages/airflow/example_dags/example_trigger_controller_dag.py                                    1           0  0.09s           2026-09-21T14:55:15
/home/airflow/.local/lib/python3.6/site-packages/airflow/example_dags/example_trigger_target_dag.py                                        1           0  0.10s           2026-09-21T14:55:18
/home/airflow/.local/lib/python3.6/site-packages/airflow/example_dags/example_xcom.py                                                      1           0  0.10s           2026-09-21T14:55:18
/home/airflow/.local/lib/python3.6/site-packages/airflow/example_dags/test_utils.py                                                        1           0  0.09s           2026-09-21T14:55:18
/home/airflow/.local/lib/python3.6/site-packages/airflow/example_dags/tutorial.py                                                          1           0  0.09s           2026-09-21T14:55:17
/home/airflow/.local/lib/python3.6/site-packages/airflow/example_dags/tutorial_etl_dag.py                                                  1           0  0.11s           2026-09-21T14:55:15
/home/airflow/.local/lib/python3.6/site-packages/airflow/example_dags/tutorial_taskflow_api_etl.py                                         1           0  0.09s           2026-09-21T14:55:20
/home/airflow/.local/lib/python3.6/site-packages/airflow/example_dags/example_external_task_marker_dag.py                                  2           0  0.10s           2026-09-21T14:55:19
/home/airflow/.local/lib/python3.6/site-packages/airflow/example_dags/example_xcomargs.py                                                  2           0  0.11s           2026-09-21T14:55:15
/home/airflow/.local/lib/python3.6/site-packages/airflow/example_dags/example_subdag_operator.py                                           3           0  0.13s           2026-09-21T14:55:20
================================================================================
[2026-09-21 14:55:55,767] {dag_processing.py:1092} INFO - Finding 'running' jobs without a recent heartbeat
[2026-09-21 14:55:55,768] {dag_processing.py:1096} INFO - Failing jobs without heartbeat after 2026-09-21 14:50:55.768467+00:00
[2026-09-21 14:56:05,798] {dag_processing.py:1092} INFO - Finding 'running' jobs without a recent heartbeat
[2026-09-21 14:56:05,798] {dag_processing.py:1096} INFO - Failing jobs without heartbeat after 2026-09-21 14:51:05.798441+00:00
[2026-09-21 14:56:15,823] {dag_processing.py:1092} INFO - Finding 'running' jobs without a recent heartbeat
[2026-09-21 14:56:15,823] {dag_processing.py:1096} INFO - Failing jobs without heartbeat after 2026-09-21 14:51:15.823336+00:00
[2026-09-21 14:56:15,838] {dag_processing.py:859} INFO - 
================================================================================
DAG File Processing Stats

File Path                                                                                                           PID  Runtime      # DAGs    # Errors  Last Runtime    Last Run
----------------------------------------------------------------------------------------------------------------  -----  ---------  --------  ----------  --------------  -------------------
/opt/airflow/dags/datastore_pipeline.py                                                                                                    0           1  0.48s           2026-09-21T14:55:50
/home/airflow/.local/lib/python3.6/site-packages/airflow/example_dags/subdags/subdag.py                             193  0.00s             0           0  0.04s           2026-09-21T14:55:45
/home/airflow/.local/lib/python3.6/site-packages/airflow/example_dags/example_bash_operator.py                                             1           0  0.11s           2026-09-21T14:55:47
/home/airflow/.local/lib/python3.6/site-packages/airflow/example_dags/example_branch_operator.py                                           1           0  0.11s           2026-09-21T14:55:47
/home/airflow/.local/lib/python3.6/site-packages/airflow/example_dags/example_branch_python_dop_operator_3.py                              1           0  0.11s           2026-09-21T14:55:46
/home/airflow/.local/lib/python3.6/site-packages/airflow/example_dags/example_complex.py                                                   1           0  0.11s           2026-09-21T14:55:48
/home/airflow/.local/lib/python3.6/site-packages/airflow/example_dags/example_dag_decorator.py                                             1           0  0.10s           2026-09-21T14:55:48
/home/airflow/.local/lib/python3.6/site-packages/airflow/example_dags/example_kubernetes_executor.py                                       1           0  0.10s           2026-09-21T14:55:46
/home/airflow/.local/lib/python3.6/site-packages/airflow/example_dags/example_kubernetes_executor_config.py                                1           0  0.10s           2026-09-21T14:55:46
/home/airflow/.local/lib/python3.6/site-packages/airflow/example_dags/example_latest_only.py                                               1           0  0.09s           2026-09-21T14:55:48
/home/airflow/.local/lib/python3.6/site-packages/airflow/example_dags/example_latest_only_with_trigger.py                                  1           0  0.09s           2026-09-21T14:55:46
/home/airflow/.local/lib/python3.6/site-packages/airflow/example_dags/example_nested_branch_dag.py                                         1           0  0.11s           2026-09-21T14:55:46
/home/airflow/.local/lib/python3.6/site-packages/airflow/example_dags/example_passing_params_via_test_command.py                           1           0  0.12s           2026-09-21T14:55:50
/home/airflow/.local/lib/python3.6/site-packages/airflow/example_dags/example_python_operator.py                                           1           0  0.10s           2026-09-21T14:55:46
/home/airflow/.local/lib/python3.6/site-packages/airflow/example_dags/example_short_circuit_operator.py                                    1           0  0.10s           2026-09-21T14:55:46
/home/airflow/.local/lib/python3.6/site-packages/airflow/example_dags/example_skip_dag.py                                                  1           0  0.10s           2026-09-21T14:55:49
/home/airflow/.local/lib/python3.6/site-packages/airflow/example_dags/example_task_group.py                                                1           0  0.10s           2026-09-21T14:55:46
/home/airflow/.local/lib/python3.6/site-packages/airflow/example_dags/example_trigger_controller_dag.py                                    1           0  0.09s           2026-09-21T14:55:46
/home/airflow/.local/lib/python3.6/site-packages/airflow/example_dags/example_trigger_target_dag.py                                        1           0  0.10s           2026-09-21T14:55:49
/home/airflow/.local/lib/python3.6/site-packages/airflow/example_dags/example_xcom.py                                                      1           0  0.10s           2026-09-21T14:55:49
/home/airflow/.local/lib/python3.6/site-packages/airflow/example_dags/test_utils.py                                                        1           0  0.09s           2026-09-21T14:55:49
/home/airflow/.local/lib/python3.6/site-packages/airflow/example_dags/tutorial.py                                                          1           0  0.09s           2026-09-21T14:55:48
/home/airflow/.local/lib/python3.6/site-packages/airflow/example_dags/tutorial_etl_dag.py                                                  1           0  0.10s           2026-09-21T14:55:46
/home/airflow/.local/lib/python3.6/site-packages/airflow/example_dags/tutorial_taskflow_api_etl.py                                         1           0  0.09s           2026-09-21T14:55:50
/home/airflow/.local/lib/python3.6/site-packages/airflow/example_dags/example_external_task_marker_dag.py                                  2           0  0.10s           2026-09-21T14:55:50
/home/airflow/.local/lib/python3.6/site-packages/airflow/example_dags/example_xcomargs.py                                                  2           0  0.11s           2026-09-21T14:55:46
/home/airflow/.local/lib/python3.6/site-packages/airflow/example_dags/example_subdag_operator.py                                           3           0  0.12s           2026-09-21T14:55:50
================================================================================
[2026-09-21 14:56:26,762] {dag_processing.py:1092} INFO - Finding 'running' jobs without a recent heartbeat
[2026-09-21 14:56:26,763] {dag_processing.py:1096} INFO - Failing jobs without heartbeat after 2026-09-21 14:51:26.763547+00:00
[2026-09-21 14:56:36,794] {dag_processing.py:1092} INFO - Finding 'running' jobs without a recent heartbeat
[2026-09-21 14:56:36,795] {dag_processing.py:1096} INFO - Failing jobs without heartbeat after 2026-09-21 14:51:36.794982+00:00
[2026-09-21 14:56:46,819] {dag_processing.py:1092} INFO - Finding 'running' jobs without a recent heartbeat
[2026-09-21 14:56:46,819] {dag_processing.py:1096} INFO - Failing jobs without heartbeat after 2026-09-21 14:51:46.819387+00:00
[2026-09-21 14:56:46,834] {dag_processing.py:859} INFO - 
================================================================================
DAG File Processing Stats

File Path                                                                                                           PID  Runtime      # DAGs    # Errors  Last Runtime    Last Run
----------------------------------------------------------------------------------------------------------------  -----  ---------  --------  ----------  --------------  -------------------
/opt/airflow/dags/datastore_pipeline.py                                                                                                    0           1  0.48s           2026-09-21T14:56:21
/home/airflow/.local/lib/python3.6/site-packages/airflow/example_dags/subdags/subdag.py                             220  0.00s             0           0  0.04s           2026-09-21T14:56:15
/home/airflow/.local/lib/python3.6/site-packages/airflow/example_dags/example_bash_operator.py                                             1           0  0.12s           2026-09-21T14:56:17
/home/airflow/.local/lib/python3.6/site-packages/airflow/example_dags/example_branch_operator.py                                           1           0  0.21s           2026-09-21T14:56:17
/home/airflow/.local/lib/python3.6/site-packages/airflow/example_dags/example_branch_python_dop_operator_3.py                              1           0  0.18s           2026-09-21T14:56:17
/home/airflow/.local/lib/python3.6/site-packages/airflow/example_dags/example_complex.py                                                   1           0  0.17s           2026-09-21T14:56:18
/home/airflow/.local/lib/python3.6/site-packages/airflow/example_dags/example_dag_decorator.py                                             1           0  0.15s           2026-09-21T14:56:18
/home/airflow/.local/lib/python3.6/site-packages/airflow/example_dags/example_kubernetes_executor.py                                       1           0  0.12s           2026-09-21T14:56:17
/home/airflow/.local/lib/python3.6/site-packages/airflow/example_dags/example_kubernetes_executor_config.py                                1           0  0.13s           2026-09-21T14:56:17
/home/airflow/.local/lib/python3.6/site-packages/airflow/example_dags/example_latest_only.py                                               1           0  0.13s           2026-09-21T14:56:19
/home/airflow/.local/lib/python3.6/site-packages/airflow/example_dags/example_latest_only_with_trigger.py                                  1           0  0.12s           2026-09-21T14:56:17
/home/airflow/.local/lib/python3.6/site-packages/airflow/example_dags/example_nested_branch_dag.py                                         1           0  0.14s           2026-09-21T14:56:17
/home/airflow/.local/lib/python3.6/site-packages/airflow/example_dags/example_passing_params_via_test_command.py                           1           0  0.12s           2026-09-21T14:56:21
/home/airflow/.local/lib/python3.6/site-packages/airflow/example_dags/example_python_operator.py                                           1           0  0.13s           2026-09-21T14:56:17
/home/airflow/.local/lib/python3.6/site-packages/airflow/example_dags/example_short_circuit_operator.py                                    1           0  0.13s           2026-09-21T14:56:16
/home/airflow/.local/lib/python3.6/site-packages/airflow/example_dags/example_skip_dag.py                                                  1           0  0.09s           2026-09-21T14:56:20
/home/airflow/.local/lib/python3.6/site-packages/airflow/example_dags/example_task_group.py                                                1           0  0.12s           2026-09-21T14:56:17
/home/airflow/.local/lib/python3.6/site-packages/airflow/example_dags/example_trigger_controller_dag.py                                    1           0  0.12s           2026-09-21T14:56:17
/home/airflow/.local/lib/python3.6/site-packages/airflow/example_dags/example_trigger_target_dag.py                                        1           0  0.10s           2026-09-21T14:56:20
/home/airflow/.local/lib/python3.6/site-packages/airflow/example_dags/example_xcom.py                                                      1           0  0.10s           2026-09-21T14:56:20
/home/airflow/.local/lib/python3.6/site-packages/airflow/example_dags/test_utils.py                                                        1           0  0.08s           2026-09-21T14:56:20
/home/airflow/.local/lib/python3.6/site-packages/airflow/example_dags/tutorial.py                                                          1           0  0.12s           2026-09-21T14:56:19
/home/airflow/.local/lib/python3.6/site-packages/airflow/example_dags/tutorial_etl_dag.py                                                  1           0  0.13s           2026-09-21T14:56:17
/home/airflow/.local/lib/python3.6/site-packages/airflow/example_dags/tutorial_taskflow_api_etl.py                                         1           0  0.09s           2026-09-21T14:56:21
/home/airflow/.local/lib/python3.6/site-packages/airflow/example_dags/example_external_task_marker_dag.py                                  2           0  0.10s           2026-09-21T14:56:21
/home/airflow/.local/lib/python3.6/site-packages/airflow/example_dags/example_xcomargs.py                                                  2           0  0.15s           2026-09-21T14:56:16
/home/airflow/.local/lib/python3.6/site-packages/airflow/example_dags/example_subdag_operator.py                                           3           0  0.12s           2026-09-21T14:56:21
================================================================================
[2026-09-21 14:56:57,483] {dag_processing.py:1092} INFO - Finding 'running' jobs without a recent heartbeat
[2026-09-21 14:56:57,483] {dag_processing.py:1096} INFO - Failing jobs without heartbeat after 2026-09-21 14:51:57.483552+00:00
[2026-09-21 14:57:07,513] {dag_processing.py:1092} INFO - Finding 'running' jobs without a recent heartbeat
[2026-09-21 14:57:07,514] {dag_processing.py:1096} INFO - Failing jobs without heartbeat after 2026-09-21 14:52:07.514124+00:00
[2026-09-21 14:57:17,541] {dag_processing.py:1092} INFO - Finding 'running' jobs without a recent heartbeat
[2026-09-21 14:57:17,542] {dag_processing.py:1096} INFO - Failing jobs without heartbeat after 2026-09-21 14:52:17.542298+00:00
[2026-09-21 14:57:17,559] {dag_processing.py:859} INFO - 
================================================================================
DAG File Processing Stats

File Path                                                                                                           PID  Runtime      # DAGs    # Errors  Last Runtime    Last Run
----------------------------------------------------------------------------------------------------------------  -----  ---------  --------  ----------  --------------  -------------------
/opt/airflow/dags/datastore_pipeline.py                                                                                                    0           1  0.52s           2026-09-21T14:56:52
/home/airflow/.local/lib/python3.6/site-packages/airflow/example_dags/subdags/subdag.py                             247  0.00s             0           0  0.04s           2026-09-21T14:56:46
/home/airflow/.local/lib/python3.6/site-packages/airflow/example_dags/example_bash_operator.py                                             1           0  0.11s           2026-09-21T14:56:48
/home/airflow/.local/lib/python3.6/site-packages/airflow/example_dags/example_branch_operator.py                                           1           0  0.13s           2026-09-21T14:56:48
/home/airflow/.local/lib/python3.6/site-packages/airflow/example_dags/example_branch_python_dop_operator_3.py                              1           0  0.13s           2026-09-21T14:56:48
/home/airflow/.local/lib/python3.6/site-packages/airflow/example_dags/example_complex.py                                                   1           0  0.11s           2026-09-21T14:56:49
/home/airflow/.local/lib/python3.6/site-packages/airflow/example_dags/example_dag_decorator.py                                             1           0  0.11s           2026-09-21T14:56:49
/home/airflow/.local/lib/python3.6/site-packages/airflow/example_dags/example_kubernetes_executor.py                                       1           0  0.10s           2026-09-21T14:56:48
/home/airflow/.local/lib/python3.6/site-packages/airflow/example_dags/example_kubernetes_executor_config.py                                1           0  0.10s           2026-09-21T14:56:48
/home/airflow/.local/lib/python3.6/site-packages/airflow/example_dags/example_latest_only.py                                               1           0  0.10s           2026-09-21T14:56:49
/home/airflow/.local/lib/python3.6/site-packages/airflow/example_dags/example_latest_only_with_trigger.py                                  1           0  0.09s           2026-09-21T14:56:48
/home/airflow/.local/lib/python3.6/site-packages/airflow/example_dags/example_nested_branch_dag.py                                         1           0  0.11s           2026-09-21T14:56:48
/home/airflow/.local/lib/python3.6/site-packages/airflow/example_dags/example_passing_params_via_test_command.py                           1           0  0.13s           2026-09-21T14:56:52
/home/airflow/.local/lib/python3.6/site-packages/airflow/example_dags/example_python_operator.py                                           1           0  0.10s           2026-09-21T14:56:48
/home/airflow/.local/lib/python3.6/site-packages/airflow/example_dags/example_short_circuit_operator.py                                    1           0  0.10s           2026-09-21T14:56:47
/home/airflow/.local/lib/python3.6/site-packages/airflow/example_dags/example_skip_dag.py                                                  1           0  0.11s           2026-09-21T14:56:50
/home/airflow/.local/lib/python3.6/site-packages/airflow/example_dags/example_task_group.py                                                1           0  0.11s           2026-09-21T14:56:48
/home/airflow/.local/lib/python3.6/site-packages/airflow/example_dags/example_trigger_controller_dag.py                                    1           0  0.09s           2026-09-21T14:56:48
/home/airflow/.local/lib/python3.6/site-packages/airflow/example_dags/example_trigger_target_dag.py                                        1           0  0.10s           2026-09-21T14:56:50
/home/airflow/.local/lib/python3.6/site-packages/airflow/example_dags/example_xcom.py                                                      1           0  0.11s           2026-09-21T14:56:51
/home/airflow/.local/lib/python3.6/site-packages/airflow/example_dags/test_utils.py                                                        1           0  0.11s           2026-09-21T14:56:51
/home/airflow/.local/lib/python3.6/site-packages/airflow/example_dags/tutorial.py                                                          1           0  0.09s           2026-09-21T14:56:49
/home/airflow/.local/lib/python3.6/site-packages/airflow/example_dags/tutorial_etl_dag.py                                                  1           0  0.10s           2026-09-21T14:56:48
/home/airflow/.local/lib/python3.6/site-packages/airflow/example_dags/tutorial_taskflow_api_etl.py                                         1           0  0.10s           2026-09-21T14:56:52
/home/airflow/.local/lib/python3.6/site-packages/airflow/example_dags/example_external_task_marker_dag.py                                  2           0  0.10s           2026-09-21T14:56:52
/home/airflow/.local/lib/python3.6/site-packages/airflow/example_dags/example_xcomargs.py                                                  2           0  0.11s           2026-09-21T14:56:47
/home/airflow/.local/lib/python3.6/site-packages/airflow/example_dags/example_subdag_operator.py                                           3           0  0.13s           2026-09-21T14:56:52
================================================================================
[2026-09-21 14:57:27,696] {dag_processing.py:1092} INFO - Finding 'running' jobs without a recent heartbeat
[2026-09-21 14:57:27,698] {dag_processing.py:1096} INFO - Failing jobs without heartbeat after 2026-09-21 14:52:27.698375+00:00
[2026-09-21 14:57:37,729] {dag_processing.py:1092} INFO - Finding 'running' jobs without a recent heartbeat
[2026-09-21 14:57:37,730] {dag_processing.py:1096} INFO - Failing jobs without heartbeat after 2026-09-21 14:52:37.730021+00:00
[2026-09-21 14:57:47,752] {dag_processing.py:1092} INFO - Finding 'running' jobs without a recent heartbeat
[2026-09-21 14:57:47,753] {dag_processing.py:1096} INFO - Failing jobs without heartbeat after 2026-09-21 14:52:47.753155+00:00
[2026-09-21 14:57:47,773] {dag_processing.py:859} INFO - 
================================================================================
DAG File Processing Stats

File Path                                                                                                           PID  Runtime      # DAGs    # Errors  Last Runtime    Last Run
----------------------------------------------------------------------------------------------------------------  -----  ---------  --------  ----------  --------------  -------------------
/opt/airflow/dags/datastore_pipeline.py                                                                                                    0           1  0.54s           2026-09-21T14:57:23
/home/airflow/.local/lib/python3.6/site-packages/airflow/example_dags/subdags/subdag.py                             274  0.01s             0           0  0.04s           2026-09-21T14:57:17
/home/airflow/.local/lib/python3.6/site-packages/airflow/example_dags/example_bash_operator.py                                             1           0  0.13s           2026-09-21T14:57:19
/home/airflow/.local/lib/python3.6/site-packages/airflow/example_dags/example_branch_operator.py                                           1           0  0.13s           2026-09-21T14:57:19
/home/airflow/.local/lib/python3.6/site-packages/airflow/example_dags/example_branch_python_dop_operator_3.py                              1           0  0.14s           2026-09-21T14:57:19
/home/airflow/.local/lib/python3.6/site-packages/airflow/example_dags/example_complex.py                                                   1           0  0.14s           2026-09-21T14:57:20
/home/airflow/.local/lib/python3.6/site-packages/airflow/example_dags/example_dag_decorator.py                                             1           0  0.13s           2026-09-21T14:57:20
/home/airflow/.local/lib/python3.6/site-packages/airflow/example_dags/example_kubernetes_executor.py                                       1           0  0.13s           2026-09-21T14:57:19
/home/airflow/.local/lib/python3.6/site-packages/airflow/example_dags/example_kubernetes_executor_config.py                                1           0  0.14s           2026-09-21T14:57:18
/home/airflow/.local/lib/python3.6/site-packages/airflow/example_dags/example_latest_only.py                                               1           0  0.10s           2026-09-21T14:57:20
/home/airflow/.local/lib/python3.6/site-packages/airflow/example_dags/example_latest_only_with_trigger.py                                  1           0  0.10s           2026-09-21T14:57:19
/home/airflow/.local/lib/python3.6/site-packages/airflow/example_dags/example_nested_branch_dag.py                                         1           0  0.16s           2026-09-21T14:57:19
/home/airflow/.local/lib/python3.6/site-packages/airflow/example_dags/example_passing_params_via_test_command.py                           1           0  0.13s           2026-09-21T14:57:22
/home/airflow/.local/lib/python3.6/site-packages/airflow/example_dags/example_python_operator.py                                           1           0  0.11s           2026-09-21T14:57:18
/home/airflow/.local/lib/python3.6/site-packages/airflow/example_dags/example_short_circuit_operator.py                                    1           0  0.11s           2026-09-21T14:57:18
/home/airflow/.local/lib/python3.6/site-packages/airflow/example_dags/example_skip_dag.py                                                  1           0  0.11s           2026-09-21T14:57:21
/home/airflow/.local/lib/python3.6/site-packages/airflow/example_dags/example_task_group.py                                                1           0  0.11s           2026-09-21T14:57:19
/home/airflow/.local/lib/python3.6/site-packages/airflow/example_dags/example_trigger_controller_dag.py                                    1           0  0.13s           2026-09-21T14:57:18
/home/airflow/.local/lib/python3.6/site-packages/airflow/example_dags/example_trigger_target_dag.py                                        1           0  0.12s           2026-09-21T14:57:21
/home/airflow/.local/lib/python3.6/site-packages/airflow/example_dags/example_xcom.py                                                      1           0  0.11s           2026-09-21T14:57:21
/home/airflow/.local/lib/python3.6/site-packages/airflow/example_dags/test_utils.py                                                        1           0  0.11s           2026-09-21T14:57:21
/home/airflow/.local/lib/python3.6/site-packages/airflow/example_dags/tutorial.py                                                          1           0  0.11s           2026-09-21T14:57:20
/home/airflow/.local/lib/python3.6/site-packages/airflow/example_dags/tutorial_etl_dag.py                                                  1           0  0.12s           2026-09-21T14:57:18
/home/airflow/.local/lib/python3.6/site-packages/airflow/example_dags/tutorial_taskflow_api_etl.py                                         1           0  0.12s           2026-09-21T14:57:22
/home/airflow/.local/lib/python3.6/site-packages/airflow/example_dags/example_external_task_marker_dag.py                                  2           0  0.12s           2026-09-21T14:57:22
/home/airflow/.local/lib/python3.6/site-packages/airflow/example_dags/example_xcomargs.py                                                  2           0  0.13s           2026-09-21T14:57:18
/home/airflow/.local/lib/python3.6/site-packages/airflow/example_dags/example_subdag_operator.py                                           3           0  0.14s           2026-09-21T14:57:22
================================================================================
[2026-09-21 14:57:58,179] {dag_processing.py:1092} INFO - Finding 'running' jobs without a recent heartbeat
[2026-09-21 14:57:58,180] {dag_processing.py:1096} INFO - Failing jobs without heartbeat after 2026-09-21 14:52:58.180518+00:00
[2026-09-21 14:58:08,205] {dag_processing.py:1092} INFO - Finding 'running' jobs without a recent heartbeat
[2026-09-21 14:58:08,206] {dag_processing.py:1096} INFO - Failing jobs without heartbeat after 2026-09-21 14:53:08.206307+00:00
[2026-09-21 14:58:12,748] {dag_processing.py:752} INFO - Searching for files in /opt/airflow/dags
[2026-09-21 14:58:12,756] {dag_processing.py:755} INFO - There are 27 files in /opt/airflow/dags
[2026-09-21 14:58:17,786] {dag_processing.py:859} INFO - 
================================================================================
DAG File Processing Stats

File Path                                                                                                         PID    Runtime      # DAGs    # Errors  Last Runtime    Last Run
----------------------------------------------------------------------------------------------------------------  -----  ---------  --------  ----------  --------------  -------------------
/opt/airflow/dags/datastore_pipeline.py                                                                                                    0           1  0.62s           2026-09-21T14:57:54
/home/airflow/.local/lib/python3.6/site-packages/airflow/example_dags/subdags/subdag.py                                                    0           0  0.04s           2026-09-21T14:57:47
/home/airflow/.local/lib/python3.6/site-packages/airflow/example_dags/example_bash_operator.py                                             1           0  0.13s           2026-09-21T14:57:49
/home/airflow/.local/lib/python3.6/site-packages/airflow/example_dags/example_branch_operator.py                                           1           0  0.13s           2026-09-21T14:57:49
/home/airflow/.local/lib/python3.6/site-packages/airflow/example_dags/example_branch_python_dop_operator_3.py                              1           0  0.14s           2026-09-21T14:57:49
/home/airflow/.local/lib/python3.6/site-packages/airflow/example_dags/example_complex.py                                                   1           0  0.14s           2026-09-21T14:57:50
/home/airflow/.local/lib/python3.6/site-packages/airflow/example_dags/example_dag_decorator.py                                             1           0  0.13s           2026-09-21T14:57:50
/home/airflow/.local/lib/python3.6/site-packages/airflow/example_dags/example_kubernetes_executor.py                                       1           0  0.11s           2026-09-21T14:57:49
/home/airflow/.local/lib/python3.6/site-packages/airflow/example_dags/example_kubernetes_executor_config.py                                1           0  0.13s           2026-09-21T14:57:49
/home/airflow/.local/lib/python3.6/site-packages/airflow/example_dags/example_latest_only.py                                               1           0  0.10s           2026-09-21T14:57:51
/home/airflow/.local/lib/python3.6/site-packages/airflow/example_dags/example_latest_only_with_trigger.py                                  1           0  0.11s           2026-09-21T14:57:49
/home/airflow/.local/lib/python3.6/site-packages/airflow/example_dags/example_nested_branch_dag.py                                         1           0  0.13s           2026-09-21T14:57:49
/home/airflow/.local/lib/python3.6/site-packages/airflow/example_dags/example_passing_params_via_test_command.py                           1           0  0.14s           2026-09-21T14:57:52
/home/airflow/.local/lib/python3.6/site-packages/airflow/example_dags/example_python_operator.py                                           1           0  0.14s           2026-09-21T14:57:49
/home/airflow/.local/lib/python3.6/site-packages/airflow/example_dags/example_short_circuit_operator.py                                    1           0  0.13s           2026-09-21T14:57:48
/home/airflow/.local/lib/python3.6/site-packages/airflow/example_dags/example_skip_dag.py                                                  1           0  0.12s           2026-09-21T14:57:51
/home/airflow/.local/lib/python3.6/site-packages/airflow/example_dags/example_task_group.py                                                1           0  0.12s           2026-09-21T14:57:49
/home/airflow/.local/lib/python3.6/site-packages/airflow/example_dags/example_trigger_controller_dag.py                                    1           0  0.13s           2026-09-21T14:57:49
/home/airflow/.local/lib/python3.6/site-packages/airflow/example_dags/example_trigger_target_dag.py                                        1           0  0.12s           2026-09-21T14:57:51
/home/airflow/.local/lib/python3.6/site-packages/airflow/example_dags/example_xcom.py                                                      1           0  0.11s           2026-09-21T14:57:51
/home/airflow/.local/lib/python3.6/site-packages/airflow/example_dags/test_utils.py                                                        1           0  0.11s           2026-09-21T14:57:51
/home/airflow/.local/lib/python3.6/site-packages/airflow/example_dags/tutorial.py                                                          1           0  0.11s           2026-09-21T14:57:51
/home/airflow/.local/lib/python3.6/site-packages/airflow/example_dags/tutorial_etl_dag.py                                                  1           0  0.15s           2026-09-21T14:57:49
/home/airflow/.local/lib/python3.6/site-packages/airflow/example_dags/tutorial_taskflow_api_etl.py                                         1           0  0.12s           2026-09-21T14:57:52
/home/airflow/.local/lib/python3.6/site-packages/airflow/example_dags/example_external_task_marker_dag.py                                  2           0  0.12s           2026-09-21T14:57:52
/home/airflow/.local/lib/python3.6/site-packages/airflow/example_dags/example_xcomargs.py                                                  2           0  0.15s           2026-09-21T14:57:48
/home/airflow/.local/lib/python3.6/site-packages/airflow/example_dags/example_subdag_operator.py                                           3           0  0.16s           2026-09-21T14:57:53
================================================================================
[2026-09-21 14:58:18,226] {dag_processing.py:1092} INFO - Finding 'running' jobs without a recent heartbeat
[2026-09-21 14:58:18,227] {dag_processing.py:1096} INFO - Failing jobs without heartbeat after 2026-09-21 14:53:18.227069+00:00
[2026-09-21 14:58:28,325] {dag_processing.py:1092} INFO - Finding 'running' jobs without a recent heartbeat
[2026-09-21 14:58:28,325] {dag_processing.py:1096} INFO - Failing jobs without heartbeat after 2026-09-21 14:53:28.325617+00:00
[2026-09-21 14:58:38,350] {dag_processing.py:1092} INFO - Finding 'running' jobs without a recent heartbeat
[2026-09-21 14:58:38,351] {dag_processing.py:1096} INFO - Failing jobs without heartbeat after 2026-09-21 14:53:38.351114+00:00
[2026-09-21 14:58:47,902] {dag_processing.py:859} INFO - 
================================================================================
DAG File Processing Stats

File Path                                                                                                         PID    Runtime      # DAGs    # Errors  Last Runtime    Last Run
----------------------------------------------------------------------------------------------------------------  -----  ---------  --------  ----------  --------------  -------------------
/opt/airflow/dags/datastore_pipeline.py                                                                                                    0           1  0.56s           2026-09-21T14:58:25
/home/airflow/.local/lib/python3.6/site-packages/airflow/example_dags/subdags/subdag.py                                                    0           0  0.04s           2026-09-21T14:58:18
/home/airflow/.local/lib/python3.6/site-packages/airflow/example_dags/example_bash_operator.py                                             1           0  0.11s           2026-09-21T14:58:20
/home/airflow/.local/lib/python3.6/site-packages/airflow/example_dags/example_branch_operator.py                                           1           0  0.12s           2026-09-21T14:58:20
/home/airflow/.local/lib/python3.6/site-packages/airflow/example_dags/example_branch_python_dop_operator_3.py                              1           0  0.11s           2026-09-21T14:58:19
/home/airflow/.local/lib/python3.6/site-packages/airflow/example_dags/example_complex.py                                                   1           0  0.11s           2026-09-21T14:58:21
/home/airflow/.local/lib/python3.6/site-packages/airflow/example_dags/example_dag_decorator.py                                             1           0  0.10s           2026-09-21T14:58:21
/home/airflow/.local/lib/python3.6/site-packages/airflow/example_dags/example_kubernetes_executor.py                                       1           0  0.09s           2026-09-21T14:58:19
/home/airflow/.local/lib/python3.6/site-packages/airflow/example_dags/example_kubernetes_executor_config.py                                1           0  0.10s           2026-09-21T14:58:19
/home/airflow/.local/lib/python3.6/site-packages/airflow/example_dags/example_latest_only.py                                               1           0  0.09s           2026-09-21T14:58:21
/home/airflow/.local/lib/python3.6/site-packages/airflow/example_dags/example_latest_only_with_trigger.py                                  1           0  0.09s           2026-09-21T14:58:19
/home/airflow/.local/lib/python3.6/site-packages/airflow/example_dags/example_nested_branch_dag.py                                         1           0  0.10s           2026-09-21T14:58:19
/home/airflow/.local/lib/python3.6/site-packages/airflow/example_dags/example_passing_params_via_test_command.py                           1           0  0.12s           2026-09-21T14:58:22
/home/airflow/.local/lib/python3.6/site-packages/airflow/example_dags/example_python_operator.py                                           1           0  0.10s           2026-09-21T14:58:19
/home/airflow/.local/lib/python3.6/site-packages/airflow/example_dags/example_short_circuit_operator.py                                    1           0  0.10s           2026-09-21T14:58:19
/home/airflow/.local/lib/python3.6/site-packages/airflow/example_dags/example_skip_dag.py                                                  1           0  0.10s           2026-09-21T14:58:21
/home/airflow/.local/lib/python3.6/site-packages/airflow/example_dags/example_task_group.py                                                1           0  0.09s           2026-09-21T14:58:19
/home/airflow/.local/lib/python3.6/site-packages/airflow/example_dags/example_trigger_controller_dag.py                                    1           0  0.09s           2026-09-21T14:58:19
/home/airflow/.local/lib/python3.6/site-packages/airflow/example_dags/example_trigger_target_dag.py                                        1           0  0.09s           2026-09-21T14:58:21
/home/airflow/.local/lib/python3.6/site-packages/airflow/example_dags/example_xcom.py                                                      1           0  0.08s           2026-09-21T14:58:21
/home/airflow/.local/lib/python3.6/site-packages/airflow/example_dags/test_utils.py                                                        1           0  0.09s           2026-09-21T14:58:21
/home/airflow/.local/lib/python3.6/site-packages/airflow/example_dags/tutorial.py                                                          1           0  0.09s           2026-09-21T14:58:21
/home/airflow/.local/lib/python3.6/site-packages/airflow/example_dags/tutorial_etl_dag.py                                                  1           0  0.10s           2026-09-21T14:58:19
/home/airflow/.local/lib/python3.6/site-packages/airflow/example_dags/tutorial_taskflow_api_etl.py                                         1           0  0.10s           2026-09-21T14:58:22
/home/airflow/.local/lib/python3.6/site-packages/airflow/example_dags/example_external_task_marker_dag.py                                  2           0  0.11s           2026-09-21T14:58:22
/home/airflow/.local/lib/python3.6/site-packages/airflow/example_dags/example_xcomargs.py                                                  2           0  0.11s           2026-09-21T14:58:19
/home/airflow/.local/lib/python3.6/site-packages/airflow/example_dags/example_subdag_operator.py                                           3           0  0.13s           2026-09-21T14:58:23
================================================================================
[2026-09-21 14:58:48,371] {dag_processing.py:1092} INFO - Finding 'running' jobs without a recent heartbeat
[2026-09-21 14:58:48,371] {dag_processing.py:1096} INFO - Failing jobs without heartbeat after 2026-09-21 14:53:48.371718+00:00
[2026-09-21 14:58:58,558] {dag_processing.py:1092} INFO - Finding 'running' jobs without a recent heartbeat
[2026-09-21 14:58:58,559] {dag_processing.py:1096} INFO - Failing jobs without heartbeat after 2026-09-21 14:53:58.559391+00:00
[2026-09-21 14:59:08,586] {dag_processing.py:1092} INFO - Finding 'running' jobs without a recent heartbeat
[2026-09-21 14:59:08,586] {dag_processing.py:1096} INFO - Failing jobs without heartbeat after 2026-09-21 14:54:08.586859+00:00
[2026-09-21 14:59:18,148] {dag_processing.py:859} INFO - 
================================================================================
DAG File Processing Stats

File Path                                                                                                         PID    Runtime      # DAGs    # Errors  Last Runtime    Last Run
----------------------------------------------------------------------------------------------------------------  -----  ---------  --------  ----------  --------------  -------------------
/opt/airflow/dags/datastore_pipeline.py                                                                                                    0           1  0.47s           2026-09-21T14:58:56
/home/airflow/.local/lib/python3.6/site-packages/airflow/example_dags/subdags/subdag.py                                                    0           0  0.05s           2026-09-21T14:58:48
/home/airflow/.local/lib/python3.6/site-packages/airflow/example_dags/example_bash_operator.py                                             1           0  0.12s           2026-09-21T14:58:50
/home/airflow/.local/lib/python3.6/site-packages/airflow/example_dags/example_branch_operator.py                                           1           0  0.13s           2026-09-21T14:58:50
/home/airflow/.local/lib/python3.6/site-packages/airflow/example_dags/example_branch_python_dop_operator_3.py                              1           0  0.11s           2026-09-21T14:58:50
/home/airflow/.local/lib/python3.6/site-packages/airflow/example_dags/example_complex.py                                                   1           0  0.14s           2026-09-21T14:58:51
/home/airflow/.local/lib/python3.6/site-packages/airflow/example_dags/example_dag_decorator.py                                             1           0  0.13s           2026-09-21T14:58:51
/home/airflow/.local/lib/python3.6/site-packages/airflow/example_dags/example_kubernetes_executor.py                                       1           0  0.10s           2026-09-21T14:58:49
/home/airflow/.local/lib/python3.6/site-packages/airflow/example_dags/example_kubernetes_executor_config.py                                1           0  0.10s           2026-09-21T14:58:49
/home/airflow/.local/lib/python3.6/site-packages/airflow/example_dags/example_latest_only.py                                               1           0  0.13s           2026-09-21T14:58:51
/home/airflow/.local/lib/python3.6/site-packages/airflow/example_dags/example_latest_only_with_trigger.py                                  1           0  0.09s           2026-09-21T14:58:50
/home/airflow/.local/lib/python3.6/site-packages/airflow/example_dags/example_nested_branch_dag.py                                         1           0  0.11s           2026-09-21T14:58:49
/home/airflow/.local/lib/python3.6/site-packages/airflow/example_dags/example_passing_params_via_test_command.py                           1           0  0.12s           2026-09-21T14:58:52
/home/airflow/.local/lib/python3.6/site-packages/airflow/example_dags/example_python_operator.py                                           1           0  0.10s           2026-09-21T14:58:49
/home/airflow/.local/lib/python3.6/site-packages/airflow/example_dags/example_short_circuit_operator.py                                    1           0  0.11s           2026-09-21T14:58:49
/home/airflow/.local/lib/python3.6/site-packages/airflow/example_dags/example_skip_dag.py                                                  1           0  0.14s           2026-09-21T14:58:51
/home/airflow/.local/lib/python3.6/site-packages/airflow/example_dags/example_task_group.py                                                1           0  0.10s           2026-09-21T14:58:49
/home/airflow/.local/lib/python3.6/site-packages/airflow/example_dags/example_trigger_controller_dag.py                                    1           0  0.10s           2026-09-21T14:58:49
/home/airflow/.local/lib/python3.6/site-packages/airflow/example_dags/example_trigger_target_dag.py                                        1           0  0.10s           2026-09-21T14:58:51
/home/airflow/.local/lib/python3.6/site-packages/airflow/example_dags/example_xcom.py                                                      1           0  0.11s           2026-09-21T14:58:51
/home/airflow/.local/lib/python3.6/site-packages/airflow/example_dags/test_utils.py                                                        1           0  0.13s           2026-09-21T14:58:51
/home/airflow/.local/lib/python3.6/site-packages/airflow/example_dags/tutorial.py                                                          1           0  0.11s           2026-09-21T14:58:51
/home/airflow/.local/lib/python3.6/site-packages/airflow/example_dags/tutorial_etl_dag.py                                                  1           0  0.10s           2026-09-21T14:58:49
/home/airflow/.local/lib/python3.6/site-packages/airflow/example_dags/tutorial_taskflow_api_etl.py                                         1           0  0.10s           2026-09-21T14:58:53
/home/airflow/.local/lib/python3.6/site-packages/airflow/example_dags/example_external_task_marker_dag.py                                  2           0  0.11s           2026-09-21T14:58:52
/home/airflow/.local/lib/python3.6/site-packages/airflow/example_dags/example_xcomargs.py                                                  2           0  0.12s           2026-09-21T14:58:49
/home/airflow/.local/lib/python3.6/site-packages/airflow/example_dags/example_subdag_operator.py                                           3           0  0.11s           2026-09-21T14:58:54
================================================================================
[2026-09-21 14:59:18,609] {dag_processing.py:1092} INFO - Finding 'running' jobs without a recent heartbeat
[2026-09-21 14:59:18,609] {dag_processing.py:1096} INFO - Failing jobs without heartbeat after 2026-09-21 14:54:18.609737+00:00
[2026-09-21 14:59:29,445] {dag_processing.py:1092} INFO - Finding 'running' jobs without a recent heartbeat
[2026-09-21 14:59:29,445] {dag_processing.py:1096} INFO - Failing jobs without heartbeat after 2026-09-21 14:54:29.445701+00:00
[2026-09-21 14:59:39,477] {dag_processing.py:1092} INFO - Finding 'running' jobs without a recent heartbeat
[2026-09-21 14:59:39,478] {dag_processing.py:1096} INFO - Failing jobs without heartbeat after 2026-09-21 14:54:39.478357+00:00
[2026-09-21 14:59:48,513] {dag_processing.py:859} INFO - 
================================================================================
DAG File Processing Stats

File Path                                                                                                         PID    Runtime      # DAGs    # Errors  Last Runtime    Last Run
----------------------------------------------------------------------------------------------------------------  -----  ---------  --------  ----------  --------------  -------------------
/opt/airflow/dags/datastore_pipeline.py                                                                                                    0           1  0.85s           2026-09-21T14:59:27
/home/airflow/.local/lib/python3.6/site-packages/airflow/example_dags/subdags/subdag.py                                                    0           0  0.04s           2026-09-21T14:59:18
/home/airflow/.local/lib/python3.6/site-packages/airflow/example_dags/example_bash_operator.py                                             1           0  0.17s           2026-09-21T14:59:20
/home/airflow/.local/lib/python3.6/site-packages/airflow/example_dags/example_branch_operator.py                                           1           0  0.19s           2026-09-21T14:59:20
/home/airflow/.local/lib/python3.6/site-packages/airflow/example_dags/example_branch_python_dop_operator_3.py                              1           0  0.21s           2026-09-21T14:59:20
/home/airflow/.local/lib/python3.6/site-packages/airflow/example_dags/example_complex.py                                                   1           0  0.14s           2026-09-21T14:59:21
/home/airflow/.local/lib/python3.6/site-packages/airflow/example_dags/example_dag_decorator.py                                             1           0  0.13s           2026-09-21T14:59:21
/home/airflow/.local/lib/python3.6/site-packages/airflow/example_dags/example_kubernetes_executor.py                                       1           0  0.18s           2026-09-21T14:59:20
/home/airflow/.local/lib/python3.6/site-packages/airflow/example_dags/example_kubernetes_executor_config.py                                1           0  0.14s           2026-09-21T14:59:20
/home/airflow/.local/lib/python3.6/site-packages/airflow/example_dags/example_latest_only.py                                               1           0  0.10s           2026-09-21T14:59:22
/home/airflow/.local/lib/python3.6/site-packages/airflow/example_dags/example_latest_only_with_trigger.py                                  1           0  0.16s           2026-09-21T14:59:20
/home/airflow/.local/lib/python3.6/site-packages/airflow/example_dags/example_nested_branch_dag.py                                         1           0  0.20s           2026-09-21T14:59:20
/home/airflow/.local/lib/python3.6/site-packages/airflow/example_dags/example_passing_params_via_test_command.py                           1           0  0.15s           2026-09-21T14:59:23
/home/airflow/.local/lib/python3.6/site-packages/airflow/example_dags/example_python_operator.py                                           1           0  0.12s           2026-09-21T14:59:19
/home/airflow/.local/lib/python3.6/site-packages/airflow/example_dags/example_short_circuit_operator.py                                    1           0  0.12s           2026-09-21T14:59:19
/home/airflow/.local/lib/python3.6/site-packages/airflow/example_dags/example_skip_dag.py                                                  1           0  0.11s           2026-09-21T14:59:22
/home/airflow/.local/lib/python3.6/site-packages/airflow/example_dags/example_task_group.py                                                1           0  0.16s           2026-09-21T14:59:20
/home/airflow/.local/lib/python3.6/site-packages/airflow/example_dags/example_trigger_controller_dag.py                                    1           0  0.13s           2026-09-21T14:59:20
/home/airflow/.local/lib/python3.6/site-packages/airflow/example_dags/example_trigger_target_dag.py                                        1           0  0.11s           2026-09-21T14:59:22
/home/airflow/.local/lib/python3.6/site-packages/airflow/example_dags/example_xcom.py                                                      1           0  0.10s           2026-09-21T14:59:22
/home/airflow/.local/lib/python3.6/site-packages/airflow/example_dags/test_utils.py                                                        1           0  0.09s           2026-09-21T14:59:22
/home/airflow/.local/lib/python3.6/site-packages/airflow/example_dags/tutorial.py                                                          1           0  0.10s           2026-09-21T14:59:21
/home/airflow/.local/lib/python3.6/site-packages/airflow/example_dags/tutorial_etl_dag.py                                                  1           0  0.12s           2026-09-21T14:59:19
/home/airflow/.local/lib/python3.6/site-packages/airflow/example_dags/tutorial_taskflow_api_etl.py                                         1           0  0.12s           2026-09-21T14:59:23
/home/airflow/.local/lib/python3.6/site-packages/airflow/example_dags/example_external_task_marker_dag.py                                  2           0  0.13s           2026-09-21T14:59:23
/home/airflow/.local/lib/python3.6/site-packages/airflow/example_dags/example_xcomargs.py                                                  2           0  0.13s           2026-09-21T14:59:19
/home/airflow/.local/lib/python3.6/site-packages/airflow/example_dags/example_subdag_operator.py                                           3           0  0.14s           2026-09-21T14:59:24
================================================================================
[2026-09-21 14:59:49,515] {dag_processing.py:1092} INFO - Finding 'running' jobs without a recent heartbeat
[2026-09-21 14:59:49,516] {dag_processing.py:1096} INFO - Failing jobs without heartbeat after 2026-09-21 14:54:49.516149+00:00
[2026-09-21 14:59:59,671] {dag_processing.py:1092} INFO - Finding 'running' jobs without a recent heartbeat
[2026-09-21 14:59:59,672] {dag_processing.py:1096} INFO - Failing jobs without heartbeat after 2026-09-21 14:54:59.672423+00:00
[2026-09-21 15:00:09,698] {dag_processing.py:1092} INFO - Finding 'running' jobs without a recent heartbeat
[2026-09-21 15:00:09,699] {dag_processing.py:1096} INFO - Failing jobs without heartbeat after 2026-09-21 14:55:09.699066+00:00
[2026-09-21 15:00:18,725] {dag_processing.py:859} INFO - 
================================================================================
DAG File Processing Stats

File Path                                                                                                         PID    Runtime      # DAGs    # Errors  Last Runtime    Last Run
----------------------------------------------------------------------------------------------------------------  -----  ---------  --------  ----------  --------------  -------------------
/opt/airflow/dags/datastore_pipeline.py                                                                                                    0           1  0.66s           2026-09-21T14:59:58
/home/airflow/.local/lib/python3.6/site-packages/airflow/example_dags/subdags/subdag.py                                                    0           0  0.04s           2026-09-21T14:59:49
/home/airflow/.local/lib/python3.6/site-packages/airflow/example_dags/example_bash_operator.py                                             1           0  0.16s           2026-09-21T14:59:51
/home/airflow/.local/lib/python3.6/site-packages/airflow/example_dags/example_branch_operator.py                                           1           0  0.19s           2026-09-21T14:59:51
/home/airflow/.local/lib/python3.6/site-packages/airflow/example_dags/example_branch_python_dop_operator_3.py                              1           0  0.17s           2026-09-21T14:59:51
/home/airflow/.local/lib/python3.6/site-packages/airflow/example_dags/example_complex.py                                                   1           0  0.16s           2026-09-21T14:59:52
/home/airflow/.local/lib/python3.6/site-packages/airflow/example_dags/example_dag_decorator.py                                             1           0  0.11s           2026-09-21T14:59:52
/home/airflow/.local/lib/python3.6/site-packages/airflow/example_dags/example_kubernetes_executor.py                                       1           0  0.11s           2026-09-21T14:59:50
/home/airflow/.local/lib/python3.6/site-packages/airflow/example_dags/example_kubernetes_executor_config.py                                1           0  0.10s           2026-09-21T14:59:50
/home/airflow/.local/lib/python3.6/site-packages/airflow/example_dags/example_latest_only.py                                               1           0  0.10s           2026-09-21T14:59:52
/home/airflow/.local/lib/python3.6/site-packages/airflow/example_dags/example_latest_only_with_trigger.py                                  1           0  0.15s           2026-09-21T14:59:51
/home/airflow/.local/lib/python3.6/site-packages/airflow/example_dags/example_nested_branch_dag.py                                         1           0  0.12s           2026-09-21T14:59:50
/home/airflow/.local/lib/python3.6/site-packages/airflow/example_dags/example_passing_params_via_test_command.py                           1           0  0.12s           2026-09-21T14:59:53
/home/airflow/.local/lib/python3.6/site-packages/airflow/example_dags/example_python_operator.py                                           1           0  0.11s           2026-09-21T14:59:50
/home/airflow/.local/lib/python3.6/site-packages/airflow/example_dags/example_short_circuit_operator.py                                    1           0  0.12s           2026-09-21T14:59:50
/home/airflow/.local/lib/python3.6/site-packages/airflow/example_dags/example_skip_dag.py                                                  1           0  0.12s           2026-09-21T14:59:52
/home/airflow/.local/lib/python3.6/site-packages/airflow/example_dags/example_task_group.py                                                1           0  0.13s           2026-09-21T14:59:51
/home/airflow/.local/lib/python3.6/site-packages/airflow/example_dags/example_trigger_controller_dag.py                                    1           0  0.09s           2026-09-21T14:59:50
/home/airflow/.local/lib/python3.6/site-packages/airflow/example_dags/example_trigger_target_dag.py                                        1           0  0.11s           2026-09-21T14:59:52
/home/airflow/.local/lib/python3.6/site-packages/airflow/example_dags/example_xcom.py                                                      1           0  0.10s           2026-09-21T14:59:52
/home/airflow/.local/lib/python3.6/site-packages/airflow/example_dags/test_utils.py                                                        1           0  0.09s           2026-09-21T14:59:52
/home/airflow/.local/lib/python3.6/site-packages/airflow/example_dags/tutorial.py                                                          1           0  0.10s           2026-09-21T14:59:52
/home/airflow/.local/lib/python3.6/site-packages/airflow/example_dags/tutorial_etl_dag.py                                                  1           0  0.11s           2026-09-21T14:59:50
/home/airflow/.local/lib/python3.6/site-packages/airflow/example_dags/tutorial_taskflow_api_etl.py                                         1           0  0.10s           2026-09-21T14:59:54
/home/airflow/.local/lib/python3.6/site-packages/airflow/example_dags/example_external_task_marker_dag.py                                  2           0  0.11s           2026-09-21T14:59:53
/home/airflow/.local/lib/python3.6/site-packages/airflow/example_dags/example_xcomargs.py                                                  2           0  0.14s           2026-09-21T14:59:50
/home/airflow/.local/lib/python3.6/site-packages/airflow/example_dags/example_subdag_operator.py                                           3           0  0.12s           2026-09-21T14:59:55
================================================================================
[2026-09-21 15:00:19,727] {dag_processing.py:1092} INFO - Finding 'running' jobs without a recent heartbeat
[2026-09-21 15:00:19,727] {dag_processing.py:1096} INFO - Failing jobs without heartbeat after 2026-09-21 14:55:19.727428+00:00
[2026-09-21 15:00:29,913] {dag_processing.py:1092} INFO - Finding 'running' jobs without a recent heartbeat
[2026-09-21 15:00:29,913] {dag_processing.py:1096} INFO - Failing jobs without heartbeat after 2026-09-21 14:55:29.913670+00:00
[2026-09-21 15:00:39,937] {dag_processing.py:1092} INFO - Finding 'running' jobs without a recent heartbeat
[2026-09-21 15:00:39,938] {dag_processing.py:1096} INFO - Failing jobs without heartbeat after 2026-09-21 14:55:39.938248+00:00
[2026-09-21 15:00:48,977] {dag_processing.py:859} INFO - 
================================================================================
DAG File Processing Stats

File Path                                                                                                         PID    Runtime      # DAGs    # Errors  Last Runtime    Last Run
----------------------------------------------------------------------------------------------------------------  -----  ---------  --------  ----------  --------------  -------------------
/opt/airflow/dags/datastore_pipeline.py                                                                                                    0           1  0.49s           2026-09-21T15:00:29
/home/airflow/.local/lib/python3.6/site-packages/airflow/example_dags/subdags/subdag.py                                                    0           0  0.04s           2026-09-21T15:00:19
/home/airflow/.local/lib/python3.6/site-packages/airflow/example_dags/example_bash_operator.py                                             1           0  0.11s           2026-09-21T15:00:21
/home/airflow/.local/lib/python3.6/site-packages/airflow/example_dags/example_branch_operator.py                                           1           0  0.11s           2026-09-21T15:00:21
/home/airflow/.local/lib/python3.6/site-packages/airflow/example_dags/example_branch_python_dop_operator_3.py                              1           0  0.12s           2026-09-21T15:00:21
/home/airflow/.local/lib/python3.6/site-packages/airflow/example_dags/example_complex.py                                                   1           0  0.17s           2026-09-21T15:00:22
/home/airflow/.local/lib/python3.6/site-packages/airflow/example_dags/example_dag_decorator.py                                             1           0  0.18s           2026-09-21T15:00:22
/home/airflow/.local/lib/python3.6/site-packages/airflow/example_dags/example_kubernetes_executor.py                                       1           0  0.10s           2026-09-21T15:00:21
/home/airflow/.local/lib/python3.6/site-packages/airflow/example_dags/example_kubernetes_executor_config.py                                1           0  0.13s           2026-09-21T15:00:21
/home/airflow/.local/lib/python3.6/site-packages/airflow/example_dags/example_latest_only.py                                               1           0  0.16s           2026-09-21T15:00:22
/home/airflow/.local/lib/python3.6/site-packages/airflow/example_dags/example_latest_only_with_trigger.py                                  1           0  0.09s           2026-09-21T15:00:21
/home/airflow/.local/lib/python3.6/site-packages/airflow/example_dags/example_nested_branch_dag.py                                         1           0  0.11s           2026-09-21T15:00:21
/home/airflow/.local/lib/python3.6/site-packages/airflow/example_dags/example_passing_params_via_test_command.py                           1           0  0.12s           2026-09-21T15:00:24
/home/airflow/.local/lib/python3.6/site-packages/airflow/example_dags/example_python_operator.py                                           1           0  0.11s           2026-09-21T15:00:20
/home/airflow/.local/lib/python3.6/site-packages/airflow/example_dags/example_short_circuit_operator.py                                    1           0  0.11s           2026-09-21T15:00:20
/home/airflow/.local/lib/python3.6/site-packages/airflow/example_dags/example_skip_dag.py                                                  1           0  0.14s           2026-09-21T15:00:23
/home/airflow/.local/lib/python3.6/site-packages/airflow/example_dags/example_task_group.py                                                1           0  0.09s           2026-09-21T15:00:21
/home/airflow/.local/lib/python3.6/site-packages/airflow/example_dags/example_trigger_controller_dag.py                                    1           0  0.13s           2026-09-21T15:00:21
/home/airflow/.local/lib/python3.6/site-packages/airflow/example_dags/example_trigger_target_dag.py                                        1           0  0.13s           2026-09-21T15:00:23
/home/airflow/.local/lib/python3.6/site-packages/airflow/example_dags/example_xcom.py                                                      1           0  0.12s           2026-09-21T15:00:23
/home/airflow/.local/lib/python3.6/site-packages/airflow/example_dags/test_utils.py                                                        1           0  0.14s           2026-09-21T15:00:22
/home/airflow/.local/lib/python3.6/site-packages/airflow/example_dags/tutorial.py                                                          1           0  0.13s           2026-09-21T15:00:23
/home/airflow/.local/lib/python3.6/site-packages/airflow/example_dags/tutorial_etl_dag.py                                                  1           0  0.13s           2026-09-21T15:00:20
/home/airflow/.local/lib/python3.6/site-packages/airflow/example_dags/tutorial_taskflow_api_etl.py                                         1           0  0.10s           2026-09-21T15:00:24
/home/airflow/.local/lib/python3.6/site-packages/airflow/example_dags/example_external_task_marker_dag.py                                  2           0  0.11s           2026-09-21T15:00:24
/home/airflow/.local/lib/python3.6/site-packages/airflow/example_dags/example_xcomargs.py                                                  2           0  0.12s           2026-09-21T15:00:20
/home/airflow/.local/lib/python3.6/site-packages/airflow/example_dags/example_subdag_operator.py                                           3           0  0.12s           2026-09-21T15:00:25
================================================================================
[2026-09-21 15:00:49,980] {dag_processing.py:1092} INFO - Finding 'running' jobs without a recent heartbeat
[2026-09-21 15:00:49,980] {dag_processing.py:1096} INFO - Failing jobs without heartbeat after 2026-09-21 14:55:49.980436+00:00
[2026-09-21 15:01:00,803] {dag_processing.py:1092} INFO - Finding 'running' jobs without a recent heartbeat
[2026-09-21 15:01:00,804] {dag_processing.py:1096} INFO - Failing jobs without heartbeat after 2026-09-21 14:56:00.804462+00:00
[2026-09-21 15:01:10,859] {dag_processing.py:1092} INFO - Finding 'running' jobs without a recent heartbeat
[2026-09-21 15:01:10,860] {dag_processing.py:1096} INFO - Failing jobs without heartbeat after 2026-09-21 14:56:10.860585+00:00
[2026-09-21 15:01:19,401] {dag_processing.py:859} INFO - 
================================================================================
DAG File Processing Stats

File Path                                                                                                         PID    Runtime      # DAGs    # Errors  Last Runtime    Last Run
----------------------------------------------------------------------------------------------------------------  -----  ---------  --------  ----------  --------------  -------------------
/opt/airflow/dags/datastore_pipeline.py                                                                                                    0           1  0.55s           2026-09-21T15:01:01
/home/airflow/.local/lib/python3.6/site-packages/airflow/example_dags/subdags/subdag.py                                                    0           0  0.06s           2026-09-21T15:00:50
/home/airflow/.local/lib/python3.6/site-packages/airflow/example_dags/example_bash_operator.py                                             1           0  0.11s           2026-09-21T15:00:51
/home/airflow/.local/lib/python3.6/site-packages/airflow/example_dags/example_branch_operator.py                                           1           0  0.13s           2026-09-21T15:00:51
/home/airflow/.local/lib/python3.6/site-packages/airflow/example_dags/example_branch_python_dop_operator_3.py                              1           0  0.12s           2026-09-21T15:00:51
/home/airflow/.local/lib/python3.6/site-packages/airflow/example_dags/example_complex.py                                                   1           0  0.18s           2026-09-21T15:00:53
/home/airflow/.local/lib/python3.6/site-packages/airflow/example_dags/example_dag_decorator.py                                             1           0  0.17s           2026-09-21T15:00:53
/home/airflow/.local/lib/python3.6/site-packages/airflow/example_dags/example_kubernetes_executor.py                                       1           0  0.10s           2026-09-21T15:00:51
/home/airflow/.local/lib/python3.6/site-packages/airflow/example_dags/example_kubernetes_executor_config.py                                1           0  0.11s           2026-09-21T15:00:51
/home/airflow/.local/lib/python3.6/site-packages/airflow/example_dags/example_latest_only.py                                               1           0  0.10s           2026-09-21T15:00:52
/home/airflow/.local/lib/python3.6/site-packages/airflow/example_dags/example_latest_only_with_trigger.py                                  1           0  0.11s           2026-09-21T15:00:51
/home/airflow/.local/lib/python3.6/site-packages/airflow/example_dags/example_nested_branch_dag.py                                         1           0  0.11s           2026-09-21T15:00:51
/home/airflow/.local/lib/python3.6/site-packages/airflow/example_dags/example_passing_params_via_test_command.py                           1           0  0.12s           2026-09-21T15:00:54
/home/airflow/.local/lib/python3.6/site-packages/airflow/example_dags/example_python_operator.py                                           1           0  0.10s           2026-09-21T15:00:51
/home/airflow/.local/lib/python3.6/site-packages/airflow/example_dags/example_short_circuit_operator.py                                    1           0  0.10s           2026-09-21T15:00:51
/home/airflow/.local/lib/python3.6/site-packages/airflow/example_dags/example_skip_dag.py                                                  1           0  0.16s           2026-09-21T15:00:53
/home/airflow/.local/lib/python3.6/site-packages/airflow/example_dags/example_task_group.py                                                1           0  0.11s           2026-09-21T15:00:51
/home/airflow/.local/lib/python3.6/site-packages/airflow/example_dags/example_trigger_controller_dag.py                                    1           0  0.10s           2026-09-21T15:00:51
/home/airflow/.local/lib/python3.6/site-packages/airflow/example_dags/example_trigger_target_dag.py                                        1           0  0.17s           2026-09-21T15:00:53
/home/airflow/.local/lib/python3.6/site-packages/airflow/example_dags/example_xcom.py                                                      1           0  0.16s           2026-09-21T15:00:53
/home/airflow/.local/lib/python3.6/site-packages/airflow/example_dags/test_utils.py                                                        1           0  0.15s           2026-09-21T15:00:53
/home/airflow/.local/lib/python3.6/site-packages/airflow/example_dags/tutorial.py                                                          1           0  0.16s           2026-09-21T15:00:53
/home/airflow/.local/lib/python3.6/site-packages/airflow/example_dags/tutorial_etl_dag.py                                                  1           0  0.10s           2026-09-21T15:00:51
/home/airflow/.local/lib/python3.6/site-packages/airflow/example_dags/tutorial_taskflow_api_etl.py                                         1           0  0.10s           2026-09-21T15:00:54
/home/airflow/.local/lib/python3.6/site-packages/airflow/example_dags/example_external_task_marker_dag.py                                  2           0  0.11s           2026-09-21T15:00:54
/home/airflow/.local/lib/python3.6/site-packages/airflow/example_dags/example_xcomargs.py                                                  2           0  0.12s           2026-09-21T15:00:51
/home/airflow/.local/lib/python3.6/site-packages/airflow/example_dags/example_subdag_operator.py                                           3           0  0.13s           2026-09-21T15:00:55
================================================================================
[2026-09-21 15:01:21,409] {dag_processing.py:1092} INFO - Finding 'running' jobs without a recent heartbeat
[2026-09-21 15:01:21,410] {dag_processing.py:1096} INFO - Failing jobs without heartbeat after 2026-09-21 14:56:21.410349+00:00
[2026-09-21 15:01:32,196] {dag_processing.py:1092} INFO - Finding 'running' jobs without a recent heartbeat
[2026-09-21 15:01:32,197] {dag_processing.py:1096} INFO - Failing jobs without heartbeat after 2026-09-21 14:56:32.197189+00:00
[2026-09-21 15:01:42,235] {dag_processing.py:1092} INFO - Finding 'running' jobs without a recent heartbeat
[2026-09-21 15:01:42,236] {dag_processing.py:1096} INFO - Failing jobs without heartbeat after 2026-09-21 14:56:42.236212+00:00
[2026-09-21 15:01:49,832] {dag_processing.py:859} INFO - 
================================================================================
DAG File Processing Stats

File Path                                                                                                         PID    Runtime      # DAGs    # Errors  Last Runtime    Last Run
----------------------------------------------------------------------------------------------------------------  -----  ---------  --------  ----------  --------------  -------------------
/opt/airflow/dags/datastore_pipeline.py                                                                                                    0           1  0.59s           2026-09-21T15:01:32
/home/airflow/.local/lib/python3.6/site-packages/airflow/example_dags/subdags/subdag.py                                                    0           0  0.04s           2026-09-21T15:01:20
/home/airflow/.local/lib/python3.6/site-packages/airflow/example_dags/example_bash_operator.py                                             1           0  0.11s           2026-09-21T15:01:22
/home/airflow/.local/lib/python3.6/site-packages/airflow/example_dags/example_branch_operator.py                                           1           0  0.13s           2026-09-21T15:01:21
/home/airflow/.local/lib/python3.6/site-packages/airflow/example_dags/example_branch_python_dop_operator_3.py                              1           0  0.14s           2026-09-21T15:01:22
/home/airflow/.local/lib/python3.6/site-packages/airflow/example_dags/example_complex.py                                                   1           0  0.11s           2026-09-21T15:01:23
/home/airflow/.local/lib/python3.6/site-packages/airflow/example_dags/example_dag_decorator.py                                             1           0  0.11s           2026-09-21T15:01:23
/home/airflow/.local/lib/python3.6/site-packages/airflow/example_dags/example_kubernetes_executor.py                                       1           0  0.12s           2026-09-21T15:01:21
/home/airflow/.local/lib/python3.6/site-packages/airflow/example_dags/example_kubernetes_executor_config.py                                1           0  0.12s           2026-09-21T15:01:21
/home/airflow/.local/lib/python3.6/site-packages/airflow/example_dags/example_latest_only.py                                               1           0  0.10s           2026-09-21T15:01:23
/home/airflow/.local/lib/python3.6/site-packages/airflow/example_dags/example_latest_only_with_trigger.py                                  1           0  0.11s           2026-09-21T15:01:22
/home/airflow/.local/lib/python3.6/site-packages/airflow/example_dags/example_nested_branch_dag.py                                         1           0  0.12s           2026-09-21T15:01:22
/home/airflow/.local/lib/python3.6/site-packages/airflow/example_dags/example_passing_params_via_test_command.py                           1           0  0.19s           2026-09-21T15:01:25
/home/airflow/.local/lib/python3.6/site-packages/airflow/example_dags/example_python_operator.py                                           1           0  0.10s           2026-09-21T15:01:21
/home/airflow/.local/lib/python3.6/site-packages/airflow/example_dags/example_short_circuit_operator.py                                    1           0  0.11s           2026-09-21T15:01:21
/home/airflow/.local/lib/python3.6/site-packages/airflow/example_dags/example_skip_dag.py                                                  1           0  0.10s           2026-09-21T15:01:23
/home/airflow/.local/lib/python3.6/site-packages/airflow/example_dags/example_task_group.py                                                1           0  0.10s           2026-09-21T15:01:22
/home/airflow/.local/lib/python3.6/site-packages/airflow/example_dags/example_trigger_controller_dag.py                                    1           0  0.10s           2026-09-21T15:01:21
/home/airflow/.local/lib/python3.6/site-packages/airflow/example_dags/example_trigger_target_dag.py                                        1           0  0.16s           2026-09-21T15:01:23
/home/airflow/.local/lib/python3.6/site-packages/airflow/example_dags/example_xcom.py                                                      1           0  0.14s           2026-09-21T15:01:23
/home/airflow/.local/lib/python3.6/site-packages/airflow/example_dags/test_utils.py                                                        1           0  0.16s           2026-09-21T15:01:23
/home/airflow/.local/lib/python3.6/site-packages/airflow/example_dags/tutorial.py                                                          1           0  0.16s           2026-09-21T15:01:23
/home/airflow/.local/lib/python3.6/site-packages/airflow/example_dags/tutorial_etl_dag.py                                                  1           0  0.10s           2026-09-21T15:01:21
/home/airflow/.local/lib/python3.6/site-packages/airflow/example_dags/tutorial_taskflow_api_etl.py                                         1           0  0.15s           2026-09-21T15:01:25
/home/airflow/.local/lib/python3.6/site-packages/airflow/example_dags/example_external_task_marker_dag.py                                  2           0  0.16s           2026-09-21T15:01:25
/home/airflow/.local/lib/python3.6/site-packages/airflow/example_dags/example_xcomargs.py                                                  2           0  0.12s           2026-09-21T15:01:21
/home/airflow/.local/lib/python3.6/site-packages/airflow/example_dags/example_subdag_operator.py                                           3           0  0.15s           2026-09-21T15:01:26
================================================================================
[2026-09-21 15:01:52,264] {dag_processing.py:1092} INFO - Finding 'running' jobs without a recent heartbeat
[2026-09-21 15:01:52,265] {dag_processing.py:1096} INFO - Failing jobs without heartbeat after 2026-09-21 14:56:52.265180+00:00
[2026-09-21 15:02:02,649] {dag_processing.py:1092} INFO - Finding 'running' jobs without a recent heartbeat
[2026-09-21 15:02:02,650] {dag_processing.py:1096} INFO - Failing jobs without heartbeat after 2026-09-21 14:57:02.650460+00:00
[2026-09-21 15:02:12,790] {dag_processing.py:1092} INFO - Finding 'running' jobs without a recent heartbeat
[2026-09-21 15:02:12,790] {dag_processing.py:1096} INFO - Failing jobs without heartbeat after 2026-09-21 14:57:12.790796+00:00
[2026-09-21 15:02:20,206] {dag_processing.py:859} INFO - 
================================================================================
DAG File Processing Stats

File Path                                                                                                         PID    Runtime      # DAGs    # Errors  Last Runtime    Last Run
----------------------------------------------------------------------------------------------------------------  -----  ---------  --------  ----------  --------------  -------------------
/opt/airflow/dags/datastore_pipeline.py                                                                                                    0           1  0.49s           2026-09-21T15:02:04
/home/airflow/.local/lib/python3.6/site-packages/airflow/example_dags/subdags/subdag.py                                                    0           0  0.06s           2026-09-21T15:01:50
/home/airflow/.local/lib/python3.6/site-packages/airflow/example_dags/example_bash_operator.py                                             1           0  0.15s           2026-09-21T15:01:52
/home/airflow/.local/lib/python3.6/site-packages/airflow/example_dags/example_branch_operator.py                                           1           0  0.13s           2026-09-21T15:01:52
/home/airflow/.local/lib/python3.6/site-packages/airflow/example_dags/example_branch_python_dop_operator_3.py                              1           0  0.14s           2026-09-21T15:01:52
/home/airflow/.local/lib/python3.6/site-packages/airflow/example_dags/example_complex.py                                                   1           0  0.13s           2026-09-21T15:01:54
/home/airflow/.local/lib/python3.6/site-packages/airflow/example_dags/example_dag_decorator.py                                             1           0  0.13s           2026-09-21T15:01:53
/home/airflow/.local/lib/python3.6/site-packages/airflow/example_dags/example_kubernetes_executor.py                                       1           0  0.12s           2026-09-21T15:01:52
/home/airflow/.local/lib/python3.6/site-packages/airflow/example_dags/example_kubernetes_executor_config.py                                1           0  0.13s           2026-09-21T15:01:52
/home/airflow/.local/lib/python3.6/site-packages/airflow/example_dags/example_latest_only.py                                               1           0  0.11s           2026-09-21T15:01:53
/home/airflow/.local/lib/python3.6/site-packages/airflow/example_dags/example_latest_only_with_trigger.py                                  1           0  0.13s           2026-09-21T15:01:52
/home/airflow/.local/lib/python3.6/site-packages/airflow/example_dags/example_nested_branch_dag.py                                         1           0  0.13s           2026-09-21T15:01:52
/home/airflow/.local/lib/python3.6/site-packages/airflow/example_dags/example_passing_params_via_test_command.py                           1           0  0.20s           2026-09-21T15:01:55
/home/airflow/.local/lib/python3.6/site-packages/airflow/example_dags/example_python_operator.py                                           1           0  0.13s           2026-09-21T15:01:52
/home/airflow/.local/lib/python3.6/site-packages/airflow/example_dags/example_short_circuit_operator.py                                    1           0  0.15s           2026-09-21T15:01:51
/home/airflow/.local/lib/python3.6/site-packages/airflow/example_dags/example_skip_dag.py                                                  1           0  0.11s           2026-09-21T15:01:54
/home/airflow/.local/lib/python3.6/site-packages/airflow/example_dags/example_task_group.py                                                1           0  0.12s           2026-09-21T15:01:52
/home/airflow/.local/lib/python3.6/site-packages/airflow/example_dags/example_trigger_controller_dag.py                                    1           0  0.13s           2026-09-21T15:01:52
/home/airflow/.local/lib/python3.6/site-packages/airflow/example_dags/example_trigger_target_dag.py                                        1           0  0.14s           2026-09-21T15:01:54
/home/airflow/.local/lib/python3.6/site-packages/airflow/example_dags/example_xcom.py                                                      1           0  0.17s           2026-09-21T15:01:54
/home/airflow/.local/lib/python3.6/site-packages/airflow/example_dags/test_utils.py                                                        1           0  0.10s           2026-09-21T15:01:54
/home/airflow/.local/lib/python3.6/site-packages/airflow/example_dags/tutorial.py                                                          1           0  0.13s           2026-09-21T15:01:54
/home/airflow/.local/lib/python3.6/site-packages/airflow/example_dags/tutorial_etl_dag.py                                                  1           0  0.13s           2026-09-21T15:01:52
/home/airflow/.local/lib/python3.6/site-packages/airflow/example_dags/tutorial_taskflow_api_etl.py                                         1           0  0.13s           2026-09-21T15:01:55
/home/airflow/.local/lib/python3.6/site-packages/airflow/example_dags/example_external_task_marker_dag.py                                  2           0  0.17s           2026-09-21T15:01:55
/home/airflow/.local/lib/python3.6/site-packages/airflow/example_dags/example_xcomargs.py                                                  2           0  0.16s           2026-09-21T15:01:52
/home/airflow/.local/lib/python3.6/site-packages/airflow/example_dags/example_subdag_operator.py                                           3           0  0.23s           2026-09-21T15:01:56
================================================================================
[2026-09-21 15:02:22,878] {dag_processing.py:1092} INFO - Finding 'running' jobs without a recent heartbeat
[2026-09-21 15:02:22,879] {dag_processing.py:1096} INFO - Failing jobs without heartbeat after 2026-09-21 14:57:22.879187+00:00
[2026-09-21 15:02:33,306] {dag_processing.py:1092} INFO - Finding 'running' jobs without a recent heartbeat
[2026-09-21 15:02:33,307] {dag_processing.py:1096} INFO - Failing jobs without heartbeat after 2026-09-21 14:57:33.307355+00:00
[2026-09-21 15:02:43,447] {dag_processing.py:1092} INFO - Finding 'running' jobs without a recent heartbeat
[2026-09-21 15:02:43,447] {dag_processing.py:1096} INFO - Failing jobs without heartbeat after 2026-09-21 14:57:43.447843+00:00
[2026-09-21 15:02:50,492] {dag_processing.py:859} INFO - 
================================================================================
DAG File Processing Stats

File Path                                                                                                         PID    Runtime      # DAGs    # Errors  Last Runtime    Last Run
----------------------------------------------------------------------------------------------------------------  -----  ---------  --------  ----------  --------------  -------------------
/opt/airflow/dags/datastore_pipeline.py                                                                                                    0           1  0.50s           2026-09-21T15:02:34
/home/airflow/.local/lib/python3.6/site-packages/airflow/example_dags/subdags/subdag.py                                                    0           0  0.09s           2026-09-21T15:02:21
/home/airflow/.local/lib/python3.6/site-packages/airflow/example_dags/example_bash_operator.py                                             1           0  0.18s           2026-09-21T15:02:23
/home/airflow/.local/lib/python3.6/site-packages/airflow/example_dags/example_branch_operator.py                                           1           0  0.17s           2026-09-21T15:02:23
/home/airflow/.local/lib/python3.6/site-packages/airflow/example_dags/example_branch_python_dop_operator_3.py                              1           0  0.19s           2026-09-21T15:02:23
/home/airflow/.local/lib/python3.6/site-packages/airflow/example_dags/example_complex.py                                                   1           0  0.12s           2026-09-21T15:02:24
/home/airflow/.local/lib/python3.6/site-packages/airflow/example_dags/example_dag_decorator.py                                             1           0  0.16s           2026-09-21T15:02:24
/home/airflow/.local/lib/python3.6/site-packages/airflow/example_dags/example_kubernetes_executor.py                                       1           0  0.15s           2026-09-21T15:02:22
/home/airflow/.local/lib/python3.6/site-packages/airflow/example_dags/example_kubernetes_executor_config.py                                1           0  0.17s           2026-09-21T15:02:23
/home/airflow/.local/lib/python3.6/site-packages/airflow/example_dags/example_latest_only.py                                               1           0  0.10s           2026-09-21T15:02:24
/home/airflow/.local/lib/python3.6/site-packages/airflow/example_dags/example_latest_only_with_trigger.py                                  1           0  0.14s           2026-09-21T15:02:23
/home/airflow/.local/lib/python3.6/site-packages/airflow/example_dags/example_nested_branch_dag.py                                         1           0  0.18s           2026-09-21T15:02:23
/home/airflow/.local/lib/python3.6/site-packages/airflow/example_dags/example_passing_params_via_test_command.py                           1           0  0.14s           2026-09-21T15:02:26
/home/airflow/.local/lib/python3.6/site-packages/airflow/example_dags/example_python_operator.py                                           1           0  0.20s           2026-09-21T15:02:22
/home/airflow/.local/lib/python3.6/site-packages/airflow/example_dags/example_short_circuit_operator.py                                    1           0  0.26s           2026-09-21T15:02:22
/home/airflow/.local/lib/python3.6/site-packages/airflow/example_dags/example_skip_dag.py                                                  1           0  0.11s           2026-09-21T15:02:25
/home/airflow/.local/lib/python3.6/site-packages/airflow/example_dags/example_task_group.py                                                1           0  0.17s           2026-09-21T15:02:23
/home/airflow/.local/lib/python3.6/site-packages/airflow/example_dags/example_trigger_controller_dag.py                                    1           0  0.15s           2026-09-21T15:02:23
/home/airflow/.local/lib/python3.6/site-packages/airflow/example_dags/example_trigger_target_dag.py                                        1           0  0.10s           2026-09-21T15:02:25
/home/airflow/.local/lib/python3.6/site-packages/airflow/example_dags/example_xcom.py                                                      1           0  0.15s           2026-09-21T15:02:25
/home/airflow/.local/lib/python3.6/site-packages/airflow/example_dags/test_utils.py                                                        1           0  0.15s           2026-09-21T15:02:24
/home/airflow/.local/lib/python3.6/site-packages/airflow/example_dags/tutorial.py                                                          1           0  0.11s           2026-09-21T15:02:24
/home/airflow/.local/lib/python3.6/site-packages/airflow/example_dags/tutorial_etl_dag.py                                                  1           0  0.23s           2026-09-21T15:02:22
/home/airflow/.local/lib/python3.6/site-packages/airflow/example_dags/tutorial_taskflow_api_etl.py                                         1           0  0.11s           2026-09-21T15:02:26
/home/airflow/.local/lib/python3.6/site-packages/airflow/example_dags/example_external_task_marker_dag.py                                  2           0  0.12s           2026-09-21T15:02:26
/home/airflow/.local/lib/python3.6/site-packages/airflow/example_dags/example_xcomargs.py                                                  2           0  0.27s           2026-09-21T15:02:22
/home/airflow/.local/lib/python3.6/site-packages/airflow/example_dags/example_subdag_operator.py                                           3           0  0.22s           2026-09-21T15:02:27
================================================================================
[2026-09-21 15:02:53,604] {dag_processing.py:1092} INFO - Finding 'running' jobs without a recent heartbeat
[2026-09-21 15:02:53,605] {dag_processing.py:1096} INFO - Failing jobs without heartbeat after 2026-09-21 14:57:53.605426+00:00
[2026-09-21 15:03:04,046] {dag_processing.py:1092} INFO - Finding 'running' jobs without a recent heartbeat
[2026-09-21 15:03:04,046] {dag_processing.py:1096} INFO - Failing jobs without heartbeat after 2026-09-21 14:58:04.046859+00:00
[2026-09-21 15:03:13,086] {dag_processing.py:752} INFO - Searching for files in /opt/airflow/dags
[2026-09-21 15:03:13,098] {dag_processing.py:755} INFO - There are 27 files in /opt/airflow/dags
[2026-09-21 15:03:14,137] {dag_processing.py:1092} INFO - Finding 'running' jobs without a recent heartbeat
[2026-09-21 15:03:14,138] {dag_processing.py:1096} INFO - Failing jobs without heartbeat after 2026-09-21 14:58:14.138463+00:00
[2026-09-21 15:03:20,563] {dag_processing.py:859} INFO - 
================================================================================
DAG File Processing Stats

File Path                                                                                                         PID    Runtime      # DAGs    # Errors  Last Runtime    Last Run
----------------------------------------------------------------------------------------------------------------  -----  ---------  --------  ----------  --------------  -------------------
/opt/airflow/dags/datastore_pipeline.py                                                                                                    0           1  0.47s           2026-09-21T15:03:05
/home/airflow/.local/lib/python3.6/site-packages/airflow/example_dags/subdags/subdag.py                                                    0           0  0.06s           2026-09-21T15:02:51
/home/airflow/.local/lib/python3.6/site-packages/airflow/example_dags/example_bash_operator.py                                             1           0  0.10s           2026-09-21T15:02:54
/home/airflow/.local/lib/python3.6/site-packages/airflow/example_dags/example_branch_operator.py                                           1           0  0.11s           2026-09-21T15:02:54
/home/airflow/.local/lib/python3.6/site-packages/airflow/example_dags/example_branch_python_dop_operator_3.py                              1           0  0.14s           2026-09-21T15:02:54
/home/airflow/.local/lib/python3.6/site-packages/airflow/example_dags/example_complex.py                                                   1           0  0.11s           2026-09-21T15:02:55
/home/airflow/.local/lib/python3.6/site-packages/airflow/example_dags/example_dag_decorator.py                                             1           0  0.13s           2026-09-21T15:02:55
/home/airflow/.local/lib/python3.6/site-packages/airflow/example_dags/example_kubernetes_executor.py                                       1           0  0.11s           2026-09-21T15:02:54
/home/airflow/.local/lib/python3.6/site-packages/airflow/example_dags/example_kubernetes_executor_config.py                                1           0  0.11s           2026-09-21T15:02:53
/home/airflow/.local/lib/python3.6/site-packages/airflow/example_dags/example_latest_only.py                                               1           0  0.10s           2026-09-21T15:02:55
/home/airflow/.local/lib/python3.6/site-packages/airflow/example_dags/example_latest_only_with_trigger.py                                  1           0  0.11s           2026-09-21T15:02:54
/home/airflow/.local/lib/python3.6/site-packages/airflow/example_dags/example_nested_branch_dag.py                                         1           0  0.12s           2026-09-21T15:02:53
/home/airflow/.local/lib/python3.6/site-packages/airflow/example_dags/example_passing_params_via_test_command.py                           1           0  0.15s           2026-09-21T15:02:56
/home/airflow/.local/lib/python3.6/site-packages/airflow/example_dags/example_python_operator.py                                           1           0  0.11s           2026-09-21T15:02:53
/home/airflow/.local/lib/python3.6/site-packages/airflow/example_dags/example_short_circuit_operator.py                                    1           0  0.10s           2026-09-21T15:02:52
/home/airflow/.local/lib/python3.6/site-packages/airflow/example_dags/example_skip_dag.py                                                  1           0  0.15s           2026-09-21T15:02:55
/home/airflow/.local/lib/python3.6/site-packages/airflow/example_dags/example_task_group.py                                                1           0  0.12s           2026-09-21T15:02:54
/home/airflow/.local/lib/python3.6/site-packages/airflow/example_dags/example_trigger_controller_dag.py                                    1           0  0.10s           2026-09-21T15:02:53
/home/airflow/.local/lib/python3.6/site-packages/airflow/example_dags/example_trigger_target_dag.py                                        1           0  0.14s           2026-09-21T15:02:55
/home/airflow/.local/lib/python3.6/site-packages/airflow/example_dags/example_xcom.py                                                      1           0  0.12s           2026-09-21T15:02:55
/home/airflow/.local/lib/python3.6/site-packages/airflow/example_dags/test_utils.py                                                        1           0  0.11s           2026-09-21T15:02:55
/home/airflow/.local/lib/python3.6/site-packages/airflow/example_dags/tutorial.py                                                          1           0  0.11s           2026-09-21T15:02:55
/home/airflow/.local/lib/python3.6/site-packages/airflow/example_dags/tutorial_etl_dag.py                                                  1           0  0.11s           2026-09-21T15:02:53
/home/airflow/.local/lib/python3.6/site-packages/airflow/example_dags/tutorial_taskflow_api_etl.py                                         1           0  0.11s           2026-09-21T15:02:57
/home/airflow/.local/lib/python3.6/site-packages/airflow/example_dags/example_external_task_marker_dag.py                                  2           0  0.14s           2026-09-21T15:02:56
/home/airflow/.local/lib/python3.6/site-packages/airflow/example_dags/example_xcomargs.py                                                  2           0  0.11s           2026-09-21T15:02:52
/home/airflow/.local/lib/python3.6/site-packages/airflow/example_dags/example_subdag_operator.py                                           3           0  0.14s           2026-09-21T15:02:58
================================================================================
[2026-09-21 15:03:24,202] {dag_processing.py:1092} INFO - Finding 'running' jobs without a recent heartbeat
[2026-09-21 15:03:24,203] {dag_processing.py:1096} INFO - Failing jobs without heartbeat after 2026-09-21 14:58:24.203400+00:00
[2026-09-21 15:03:34,601] {dag_processing.py:1092} INFO - Finding 'running' jobs without a recent heartbeat
[2026-09-21 15:03:34,601] {dag_processing.py:1096} INFO - Failing jobs without heartbeat after 2026-09-21 14:58:34.601484+00:00
[2026-09-21 15:03:44,667] {dag_processing.py:1092} INFO - Finding 'running' jobs without a recent heartbeat
[2026-09-21 15:03:44,668] {dag_processing.py:1096} INFO - Failing jobs without heartbeat after 2026-09-21 14:58:44.668319+00:00
[2026-09-21 15:03:50,699] {dag_processing.py:859} INFO - 
================================================================================
DAG File Processing Stats

File Path                                                                                                         PID    Runtime      # DAGs    # Errors  Last Runtime    Last Run
----------------------------------------------------------------------------------------------------------------  -----  ---------  --------  ----------  --------------  -------------------
/opt/airflow/dags/datastore_pipeline.py                                                                                                    0           1  0.62s           2026-09-21T15:03:36
/home/airflow/.local/lib/python3.6/site-packages/airflow/example_dags/subdags/subdag.py                                                    0           0  0.07s           2026-09-21T15:03:21
/home/airflow/.local/lib/python3.6/site-packages/airflow/example_dags/example_bash_operator.py                                             1           0  0.18s           2026-09-21T15:03:24
/home/airflow/.local/lib/python3.6/site-packages/airflow/example_dags/example_branch_operator.py                                           1           0  0.21s           2026-09-21T15:03:24
/home/airflow/.local/lib/python3.6/site-packages/airflow/example_dags/example_branch_python_dop_operator_3.py                              1           0  0.23s           2026-09-21T15:03:24
/home/airflow/.local/lib/python3.6/site-packages/airflow/example_dags/example_complex.py                                                   1           0  0.13s           2026-09-21T15:03:26
/home/airflow/.local/lib/python3.6/site-packages/airflow/example_dags/example_dag_decorator.py                                             1           0  0.11s           2026-09-21T15:03:26
/home/airflow/.local/lib/python3.6/site-packages/airflow/example_dags/example_kubernetes_executor.py                                       1           0  0.12s           2026-09-21T15:03:24
/home/airflow/.local/lib/python3.6/site-packages/airflow/example_dags/example_kubernetes_executor_config.py                                1           0  0.12s           2026-09-21T15:03:23
/home/airflow/.local/lib/python3.6/site-packages/airflow/example_dags/example_latest_only.py                                               1           0  0.11s           2026-09-21T15:03:26
/home/airflow/.local/lib/python3.6/site-packages/airflow/example_dags/example_latest_only_with_trigger.py                                  1           0  0.11s           2026-09-21T15:03:24
/home/airflow/.local/lib/python3.6/site-packages/airflow/example_dags/example_nested_branch_dag.py                                         1           0  0.17s           2026-09-21T15:03:24
/home/airflow/.local/lib/python3.6/site-packages/airflow/example_dags/example_passing_params_via_test_command.py                           1           0  0.14s           2026-09-21T15:03:27
/home/airflow/.local/lib/python3.6/site-packages/airflow/example_dags/example_python_operator.py                                           1           0  0.11s           2026-09-21T15:03:24
/home/airflow/.local/lib/python3.6/site-packages/airflow/example_dags/example_short_circuit_operator.py                                    1           0  0.19s           2026-09-21T15:03:22
/home/airflow/.local/lib/python3.6/site-packages/airflow/example_dags/example_skip_dag.py                                                  1           0  0.11s           2026-09-21T15:03:26
/home/airflow/.local/lib/python3.6/site-packages/airflow/example_dags/example_task_group.py                                                1           0  0.18s           2026-09-21T15:03:24
/home/airflow/.local/lib/python3.6/site-packages/airflow/example_dags/example_trigger_controller_dag.py                                    1           0  0.13s           2026-09-21T15:03:24
/home/airflow/.local/lib/python3.6/site-packages/airflow/example_dags/example_trigger_target_dag.py                                        1           0  0.11s           2026-09-21T15:03:26
/home/airflow/.local/lib/python3.6/site-packages/airflow/example_dags/example_xcom.py                                                      1           0  0.12s           2026-09-21T15:03:26
/home/airflow/.local/lib/python3.6/site-packages/airflow/example_dags/test_utils.py                                                        1           0  0.11s           2026-09-21T15:03:26
/home/airflow/.local/lib/python3.6/site-packages/airflow/example_dags/tutorial.py                                                          1           0  0.12s           2026-09-21T15:03:26
/home/airflow/.local/lib/python3.6/site-packages/airflow/example_dags/tutorial_etl_dag.py                                                  1           0  0.12s           2026-09-21T15:03:23
/home/airflow/.local/lib/python3.6/site-packages/airflow/example_dags/tutorial_taskflow_api_etl.py                                         1           0  0.10s           2026-09-21T15:03:27
/home/airflow/.local/lib/python3.6/site-packages/airflow/example_dags/example_external_task_marker_dag.py                                  2           0  0.12s           2026-09-21T15:03:27
/home/airflow/.local/lib/python3.6/site-packages/airflow/example_dags/example_xcomargs.py                                                  2           0  0.22s           2026-09-21T15:03:23
/home/airflow/.local/lib/python3.6/site-packages/airflow/example_dags/example_subdag_operator.py                                           3           0  0.14s           2026-09-21T15:03:28
================================================================================
[2026-09-21 15:03:54,880] {dag_processing.py:1092} INFO - Finding 'running' jobs without a recent heartbeat
[2026-09-21 15:03:54,880] {dag_processing.py:1096} INFO - Failing jobs without heartbeat after 2026-09-21 14:58:54.880753+00:00
[2026-09-21 15:04:05,435] {dag_processing.py:1092} INFO - Finding 'running' jobs without a recent heartbeat
[2026-09-21 15:04:05,436] {dag_processing.py:1096} INFO - Failing jobs without heartbeat after 2026-09-21 14:59:05.436395+00:00
[2026-09-21 15:04:15,503] {dag_processing.py:1092} INFO - Finding 'running' jobs without a recent heartbeat
[2026-09-21 15:04:15,503] {dag_processing.py:1096} INFO - Failing jobs without heartbeat after 2026-09-21 14:59:15.503881+00:00
[2026-09-21 15:04:21,271] {dag_processing.py:859} INFO - 
================================================================================
DAG File Processing Stats

File Path                                                                                                         PID    Runtime      # DAGs    # Errors  Last Runtime    Last Run
----------------------------------------------------------------------------------------------------------------  -----  ---------  --------  ----------  --------------  -------------------
/opt/airflow/dags/datastore_pipeline.py                                                                                                    0           1  0.78s           2026-09-21T15:04:07
/home/airflow/.local/lib/python3.6/site-packages/airflow/example_dags/subdags/subdag.py                                                    0           0  0.06s           2026-09-21T15:03:51
/home/airflow/.local/lib/python3.6/site-packages/airflow/example_dags/example_bash_operator.py                                             1           0  0.12s           2026-09-21T15:03:55
/home/airflow/.local/lib/python3.6/site-packages/airflow/example_dags/example_branch_operator.py                                           1           0  0.13s           2026-09-21T15:03:55
/home/airflow/.local/lib/python3.6/site-packages/airflow/example_dags/example_branch_python_dop_operator_3.py                              1           0  0.15s           2026-09-21T15:03:55
/home/airflow/.local/lib/python3.6/site-packages/airflow/example_dags/example_complex.py                                                   1           0  0.16s           2026-09-21T15:03:56
/home/airflow/.local/lib/python3.6/site-packages/airflow/example_dags/example_dag_decorator.py                                             1           0  0.13s           2026-09-21T15:03:56
/home/airflow/.local/lib/python3.6/site-packages/airflow/example_dags/example_kubernetes_executor.py                                       1           0  0.11s           2026-09-21T15:03:55
/home/airflow/.local/lib/python3.6/site-packages/airflow/example_dags/example_kubernetes_executor_config.py                                1           0  0.13s           2026-09-21T15:03:55
/home/airflow/.local/lib/python3.6/site-packages/airflow/example_dags/example_latest_only.py                                               1           0  0.13s           2026-09-21T15:03:56
/home/airflow/.local/lib/python3.6/site-packages/airflow/example_dags/example_latest_only_with_trigger.py                                  1           0  0.10s           2026-09-21T15:03:55
/home/airflow/.local/lib/python3.6/site-packages/airflow/example_dags/example_nested_branch_dag.py                                         1           0  0.13s           2026-09-21T15:03:55
/home/airflow/.local/lib/python3.6/site-packages/airflow/example_dags/example_passing_params_via_test_command.py                           1           0  0.14s           2026-09-21T15:03:58
/home/airflow/.local/lib/python3.6/site-packages/airflow/example_dags/example_python_operator.py                                           1           0  0.12s           2026-09-21T15:03:55
/home/airflow/.local/lib/python3.6/site-packages/airflow/example_dags/example_short_circuit_operator.py                                    1           0  0.16s           2026-09-21T15:03:53
/home/airflow/.local/lib/python3.6/site-packages/airflow/example_dags/example_skip_dag.py                                                  1           0  0.13s           2026-09-21T15:03:57
/home/airflow/.local/lib/python3.6/site-packages/airflow/example_dags/example_task_group.py                                                1           0  0.16s           2026-09-21T15:03:55
/home/airflow/.local/lib/python3.6/site-packages/airflow/example_dags/example_trigger_controller_dag.py                                    1           0  0.11s           2026-09-21T15:03:55
/home/airflow/.local/lib/python3.6/site-packages/airflow/example_dags/example_trigger_target_dag.py                                        1           0  0.12s           2026-09-21T15:03:57
/home/airflow/.local/lib/python3.6/site-packages/airflow/example_dags/example_xcom.py                                                      1           0  0.13s           2026-09-21T15:03:57
/home/airflow/.local/lib/python3.6/site-packages/airflow/example_dags/test_utils.py                                                        1           0  0.12s           2026-09-21T15:03:57
/home/airflow/.local/lib/python3.6/site-packages/airflow/example_dags/tutorial.py                                                          1           0  0.14s           2026-09-21T15:03:56
/home/airflow/.local/lib/python3.6/site-packages/airflow/example_dags/tutorial_etl_dag.py                                                  1           0  0.13s           2026-09-21T15:03:55
/home/airflow/.local/lib/python3.6/site-packages/airflow/example_dags/tutorial_taskflow_api_etl.py                                         1           0  0.11s           2026-09-21T15:03:58
/home/airflow/.local/lib/python3.6/site-packages/airflow/example_dags/example_external_task_marker_dag.py                                  2           0  0.13s           2026-09-21T15:03:58
/home/airflow/.local/lib/python3.6/site-packages/airflow/example_dags/example_xcomargs.py                                                  2           0  0.19s           2026-09-21T15:03:53
/home/airflow/.local/lib/python3.6/site-packages/airflow/example_dags/example_subdag_operator.py                                           3           0  0.16s           2026-09-21T15:03:59
================================================================================
[2026-09-21 15:04:25,518] {dag_processing.py:1092} INFO - Finding 'running' jobs without a recent heartbeat
[2026-09-21 15:04:25,518] {dag_processing.py:1096} INFO - Failing jobs without heartbeat after 2026-09-21 14:59:25.518485+00:00
[2026-09-21 15:04:36,104] {dag_processing.py:1092} INFO - Finding 'running' jobs without a recent heartbeat
[2026-09-21 15:04:36,105] {dag_processing.py:1096} INFO - Failing jobs without heartbeat after 2026-09-21 14:59:36.105387+00:00
[2026-09-21 15:04:46,156] {dag_processing.py:1092} INFO - Finding 'running' jobs without a recent heartbeat
[2026-09-21 15:04:46,157] {dag_processing.py:1096} INFO - Failing jobs without heartbeat after 2026-09-21 14:59:46.157433+00:00
[2026-09-21 15:04:51,814] {dag_processing.py:859} INFO - 
================================================================================
DAG File Processing Stats

File Path                                                                                                         PID    Runtime      # DAGs    # Errors  Last Runtime    Last Run
----------------------------------------------------------------------------------------------------------------  -----  ---------  --------  ----------  --------------  -------------------
/opt/airflow/dags/datastore_pipeline.py                                                                                                    0           1  0.66s           2026-09-21T15:04:38
/home/airflow/.local/lib/python3.6/site-packages/airflow/example_dags/subdags/subdag.py                                                    0           0  0.07s           2026-09-21T15:04:22
/home/airflow/.local/lib/python3.6/site-packages/airflow/example_dags/example_bash_operator.py                                             1           0  0.14s           2026-09-21T15:04:26
/home/airflow/.local/lib/python3.6/site-packages/airflow/example_dags/example_branch_operator.py                                           1           0  0.16s           2026-09-21T15:04:26
/home/airflow/.local/lib/python3.6/site-packages/airflow/example_dags/example_branch_python_dop_operator_3.py                              1           0  0.18s           2026-09-21T15:04:26
/home/airflow/.local/lib/python3.6/site-packages/airflow/example_dags/example_complex.py                                                   1           0  0.15s           2026-09-21T15:04:27
/home/airflow/.local/lib/python3.6/site-packages/airflow/example_dags/example_dag_decorator.py                                             1           0  0.11s           2026-09-21T15:04:27
/home/airflow/.local/lib/python3.6/site-packages/airflow/example_dags/example_kubernetes_executor.py                                       1           0  0.13s           2026-09-21T15:04:25
/home/airflow/.local/lib/python3.6/site-packages/airflow/example_dags/example_kubernetes_executor_config.py                                1           0  0.14s           2026-09-21T15:04:25
/home/airflow/.local/lib/python3.6/site-packages/airflow/example_dags/example_latest_only.py                                               1           0  0.13s           2026-09-21T15:04:27
/home/airflow/.local/lib/python3.6/site-packages/airflow/example_dags/example_latest_only_with_trigger.py                                  1           0  0.12s           2026-09-21T15:04:25
/home/airflow/.local/lib/python3.6/site-packages/airflow/example_dags/example_nested_branch_dag.py                                         1           0  0.14s           2026-09-21T15:04:26
/home/airflow/.local/lib/python3.6/site-packages/airflow/example_dags/example_passing_params_via_test_command.py                           1           0  0.14s           2026-09-21T15:04:28
/home/airflow/.local/lib/python3.6/site-packages/airflow/example_dags/example_python_operator.py                                           1           0  0.14s           2026-09-21T15:04:25
/home/airflow/.local/lib/python3.6/site-packages/airflow/example_dags/example_short_circuit_operator.py                                    1           0  0.11s           2026-09-21T15:04:24
/home/airflow/.local/lib/python3.6/site-packages/airflow/example_dags/example_skip_dag.py                                                  1           0  0.11s           2026-09-21T15:04:27
/home/airflow/.local/lib/python3.6/site-packages/airflow/example_dags/example_task_group.py                                                1           0  0.13s           2026-09-21T15:04:26
/home/airflow/.local/lib/python3.6/site-packages/airflow/example_dags/example_trigger_controller_dag.py                                    1           0  0.15s           2026-09-21T15:04:25
/home/airflow/.local/lib/python3.6/site-packages/airflow/example_dags/example_trigger_target_dag.py                                        1           0  0.10s           2026-09-21T15:04:27
/home/airflow/.local/lib/python3.6/site-packages/airflow/example_dags/example_xcom.py                                                      1           0  0.10s           2026-09-21T15:04:27
/home/airflow/.local/lib/python3.6/site-packages/airflow/example_dags/test_utils.py                                                        1           0  0.10s           2026-09-21T15:04:27
/home/airflow/.local/lib/python3.6/site-packages/airflow/example_dags/tutorial.py                                                          1           0  0.10s           2026-09-21T15:04:27
/home/airflow/.local/lib/python3.6/site-packages/airflow/example_dags/tutorial_etl_dag.py                                                  1           0  0.12s           2026-09-21T15:04:25
/home/airflow/.local/lib/python3.6/site-packages/airflow/example_dags/tutorial_taskflow_api_etl.py                                         1           0  0.12s           2026-09-21T15:04:29
/home/airflow/.local/lib/python3.6/site-packages/airflow/example_dags/example_external_task_marker_dag.py                                  2           0  0.13s           2026-09-21T15:04:28
/home/airflow/.local/lib/python3.6/site-packages/airflow/example_dags/example_xcomargs.py                                                  2           0  0.12s           2026-09-21T15:04:24
/home/airflow/.local/lib/python3.6/site-packages/airflow/example_dags/example_subdag_operator.py                                           3           0  0.15s           2026-09-21T15:04:30
================================================================================
[2026-09-21 15:04:56,254] {dag_processing.py:1092} INFO - Finding 'running' jobs without a recent heartbeat
[2026-09-21 15:04:56,255] {dag_processing.py:1096} INFO - Failing jobs without heartbeat after 2026-09-21 14:59:56.255370+00:00
[2026-09-21 15:05:06,271] {dag_processing.py:1092} INFO - Finding 'running' jobs without a recent heartbeat
[2026-09-21 15:05:06,271] {dag_processing.py:1096} INFO - Failing jobs without heartbeat after 2026-09-21 15:00:06.271685+00:00
[2026-09-21 15:05:16,418] {dag_processing.py:1092} INFO - Finding 'running' jobs without a recent heartbeat
[2026-09-21 15:05:16,419] {dag_processing.py:1096} INFO - Failing jobs without heartbeat after 2026-09-21 15:00:16.419305+00:00
[2026-09-21 15:05:21,987] {dag_processing.py:859} INFO - 
================================================================================
DAG File Processing Stats

File Path                                                                                                         PID    Runtime      # DAGs    # Errors  Last Runtime    Last Run
----------------------------------------------------------------------------------------------------------------  -----  ---------  --------  ----------  --------------  -------------------
/opt/airflow/dags/datastore_pipeline.py                                                                                                    0           1  0.67s           2026-09-21T15:05:09
/home/airflow/.local/lib/python3.6/site-packages/airflow/example_dags/subdags/subdag.py                                                    0           0  0.04s           2026-09-21T15:04:52
/home/airflow/.local/lib/python3.6/site-packages/airflow/example_dags/example_bash_operator.py                                             1           0  0.11s           2026-09-21T15:04:56
/home/airflow/.local/lib/python3.6/site-packages/airflow/example_dags/example_branch_operator.py                                           1           0  0.11s           2026-09-21T15:04:56
/home/airflow/.local/lib/python3.6/site-packages/airflow/example_dags/example_branch_python_dop_operator_3.py                              1           0  0.12s           2026-09-21T15:04:56
/home/airflow/.local/lib/python3.6/site-packages/airflow/example_dags/example_complex.py                                                   1           0  0.11s           2026-09-21T15:04:57
/home/airflow/.local/lib/python3.6/site-packages/airflow/example_dags/example_dag_decorator.py                                             1           0  0.11s           2026-09-21T15:04:57
/home/airflow/.local/lib/python3.6/site-packages/airflow/example_dags/example_kubernetes_executor.py                                       1           0  0.10s           2026-09-21T15:04:56
/home/airflow/.local/lib/python3.6/site-packages/airflow/example_dags/example_kubernetes_executor_config.py                                1           0  0.12s           2026-09-21T15:04:56
/home/airflow/.local/lib/python3.6/site-packages/airflow/example_dags/example_latest_only.py                                               1           0  0.10s           2026-09-21T15:04:57
/home/airflow/.local/lib/python3.6/site-packages/airflow/example_dags/example_latest_only_with_trigger.py                                  1           0  0.10s           2026-09-21T15:04:56
/home/airflow/.local/lib/python3.6/site-packages/airflow/example_dags/example_nested_branch_dag.py                                         1           0  0.13s           2026-09-21T15:04:56
/home/airflow/.local/lib/python3.6/site-packages/airflow/example_dags/example_passing_params_via_test_command.py                           1           0  0.22s           2026-09-21T15:04:59
/home/airflow/.local/lib/python3.6/site-packages/airflow/example_dags/example_python_operator.py                                           1           0  0.09s           2026-09-21T15:04:56
/home/airflow/.local/lib/python3.6/site-packages/airflow/example_dags/example_short_circuit_operator.py                                    1           0  0.12s           2026-09-21T15:04:54
/home/airflow/.local/lib/python3.6/site-packages/airflow/example_dags/example_skip_dag.py                                                  1           0  0.11s           2026-09-21T15:04:58
/home/airflow/.local/lib/python3.6/site-packages/airflow/example_dags/example_task_group.py                                                1           0  0.10s           2026-09-21T15:04:56
/home/airflow/.local/lib/python3.6/site-packages/airflow/example_dags/example_trigger_controller_dag.py                                    1           0  0.11s           2026-09-21T15:04:56
/home/airflow/.local/lib/python3.6/site-packages/airflow/example_dags/example_trigger_target_dag.py                                        1           0  0.10s           2026-09-21T15:04:58
/home/airflow/.local/lib/python3.6/site-packages/airflow/example_dags/example_xcom.py                                                      1           0  0.10s           2026-09-21T15:04:57
/home/airflow/.local/lib/python3.6/site-packages/airflow/example_dags/test_utils.py                                                        1           0  0.10s           2026-09-21T15:04:57
/home/airflow/.local/lib/python3.6/site-packages/airflow/example_dags/tutorial.py                                                          1           0  0.10s           2026-09-21T15:04:57
/home/airflow/.local/lib/python3.6/site-packages/airflow/example_dags/tutorial_etl_dag.py                                                  1           0  0.10s           2026-09-21T15:04:56
/home/airflow/.local/lib/python3.6/site-packages/airflow/example_dags/tutorial_taskflow_api_etl.py                                         1           0  0.18s           2026-09-21T15:04:59
/home/airflow/.local/lib/python3.6/site-packages/airflow/example_dags/example_external_task_marker_dag.py                                  2           0  0.18s           2026-09-21T15:04:59
/home/airflow/.local/lib/python3.6/site-packages/airflow/example_dags/example_xcomargs.py                                                  2           0  0.13s           2026-09-21T15:04:54
/home/airflow/.local/lib/python3.6/site-packages/airflow/example_dags/example_subdag_operator.py                                           3           0  0.13s           2026-09-21T15:05:00
================================================================================
[2026-09-21 15:05:26,513] {dag_processing.py:1092} INFO - Finding 'running' jobs without a recent heartbeat
[2026-09-21 15:05:26,513] {dag_processing.py:1096} INFO - Failing jobs without heartbeat after 2026-09-21 15:00:26.513770+00:00
[2026-09-21 15:05:36,627] {dag_processing.py:1092} INFO - Finding 'running' jobs without a recent heartbeat
[2026-09-21 15:05:36,628] {dag_processing.py:1096} INFO - Failing jobs without heartbeat after 2026-09-21 15:00:36.628409+00:00
[2026-09-21 15:05:46,778] {dag_processing.py:1092} INFO - Finding 'running' jobs without a recent heartbeat
[2026-09-21 15:05:46,779] {dag_processing.py:1096} INFO - Failing jobs without heartbeat after 2026-09-21 15:00:46.779385+00:00
[2026-09-21 15:05:52,168] {dag_processing.py:859} INFO - 
================================================================================
DAG File Processing Stats

File Path                                                                                                         PID    Runtime      # DAGs    # Errors  Last Runtime    Last Run
----------------------------------------------------------------------------------------------------------------  -----  ---------  --------  ----------  --------------  -------------------
/opt/airflow/dags/datastore_pipeline.py                                                                                                    0           1  0.50s           2026-09-21T15:05:41
/home/airflow/.local/lib/python3.6/site-packages/airflow/example_dags/subdags/subdag.py                                                    0           0  0.05s           2026-09-21T15:05:23
/home/airflow/.local/lib/python3.6/site-packages/airflow/example_dags/example_bash_operator.py                                             1           0  0.13s           2026-09-21T15:05:26
/home/airflow/.local/lib/python3.6/site-packages/airflow/example_dags/example_branch_operator.py                                           1           0  0.13s           2026-09-21T15:05:26
/home/airflow/.local/lib/python3.6/site-packages/airflow/example_dags/example_branch_python_dop_operator_3.py                              1           0  0.14s           2026-09-21T15:05:26
/home/airflow/.local/lib/python3.6/site-packages/airflow/example_dags/example_complex.py                                                   1           0  0.13s           2026-09-21T15:05:28
/home/airflow/.local/lib/python3.6/site-packages/airflow/example_dags/example_dag_decorator.py                                             1           0  0.12s           2026-09-21T15:05:28
/home/airflow/.local/lib/python3.6/site-packages/airflow/example_dags/example_kubernetes_executor.py                                       1           0  0.12s           2026-09-21T15:05:26
/home/airflow/.local/lib/python3.6/site-packages/airflow/example_dags/example_kubernetes_executor_config.py                                1           0  0.12s           2026-09-21T15:05:26
/home/airflow/.local/lib/python3.6/site-packages/airflow/example_dags/example_latest_only.py                                               1           0  0.09s           2026-09-21T15:05:28
/home/airflow/.local/lib/python3.6/site-packages/airflow/example_dags/example_latest_only_with_trigger.py                                  1           0  0.10s           2026-09-21T15:05:26
/home/airflow/.local/lib/python3.6/site-packages/airflow/example_dags/example_nested_branch_dag.py                                         1           0  0.13s           2026-09-21T15:05:26
/home/airflow/.local/lib/python3.6/site-packages/airflow/example_dags/example_passing_params_via_test_command.py                           1           0  0.19s           2026-09-21T15:05:29
/home/airflow/.local/lib/python3.6/site-packages/airflow/example_dags/example_python_operator.py                                           1           0  0.11s           2026-09-21T15:05:26
/home/airflow/.local/lib/python3.6/site-packages/airflow/example_dags/example_short_circuit_operator.py                                    1           0  0.15s           2026-09-21T15:05:25
/home/airflow/.local/lib/python3.6/site-packages/airflow/example_dags/example_skip_dag.py                                                  1           0  0.10s           2026-09-21T15:05:28
/home/airflow/.local/lib/python3.6/site-packages/airflow/example_dags/example_task_group.py                                                1           0  0.10s           2026-09-21T15:05:26
/home/airflow/.local/lib/python3.6/site-packages/airflow/example_dags/example_trigger_controller_dag.py                                    1           0  0.11s           2026-09-21T15:05:26
/home/airflow/.local/lib/python3.6/site-packages/airflow/example_dags/example_trigger_target_dag.py                                        1           0  0.10s           2026-09-21T15:05:28
/home/airflow/.local/lib/python3.6/site-packages/airflow/example_dags/example_xcom.py                                                      1           0  0.11s           2026-09-21T15:05:28
/home/airflow/.local/lib/python3.6/site-packages/airflow/example_dags/test_utils.py                                                        1           0  0.10s           2026-09-21T15:05:28
/home/airflow/.local/lib/python3.6/site-packages/airflow/example_dags/tutorial.py                                                          1           0  0.09s           2026-09-21T15:05:28
/home/airflow/.local/lib/python3.6/site-packages/airflow/example_dags/tutorial_etl_dag.py                                                  1           0  0.13s           2026-09-21T15:05:26
/home/airflow/.local/lib/python3.6/site-packages/airflow/example_dags/tutorial_taskflow_api_etl.py                                         1           0  0.17s           2026-09-21T15:05:29
/home/airflow/.local/lib/python3.6/site-packages/airflow/example_dags/example_external_task_marker_dag.py                                  2           0  0.17s           2026-09-21T15:05:29
/home/airflow/.local/lib/python3.6/site-packages/airflow/example_dags/example_xcomargs.py                                                  2           0  0.16s           2026-09-21T15:05:25
/home/airflow/.local/lib/python3.6/site-packages/airflow/example_dags/example_subdag_operator.py                                           3           0  0.14s           2026-09-21T15:05:30
================================================================================
[2026-09-21 15:05:56,880] {dag_processing.py:1092} INFO - Finding 'running' jobs without a recent heartbeat
[2026-09-21 15:05:56,880] {dag_processing.py:1096} INFO - Failing jobs without heartbeat after 2026-09-21 15:00:56.880528+00:00
[2026-09-21 15:06:07,204] {dag_processing.py:1092} INFO - Finding 'running' jobs without a recent heartbeat
[2026-09-21 15:06:07,204] {dag_processing.py:1096} INFO - Failing jobs without heartbeat after 2026-09-21 15:01:07.204745+00:00
[2026-09-21 15:06:17,307] {dag_processing.py:1092} INFO - Finding 'running' jobs without a recent heartbeat
[2026-09-21 15:06:17,308] {dag_processing.py:1096} INFO - Failing jobs without heartbeat after 2026-09-21 15:01:17.308297+00:00
[2026-09-21 15:06:22,329] {dag_processing.py:859} INFO - 
================================================================================
DAG File Processing Stats

File Path                                                                                                         PID    Runtime      # DAGs    # Errors  Last Runtime    Last Run
----------------------------------------------------------------------------------------------------------------  -----  ---------  --------  ----------  --------------  -------------------
/opt/airflow/dags/datastore_pipeline.py                                                                                                    0           1  0.86s           2026-09-21T15:06:12
/home/airflow/.local/lib/python3.6/site-packages/airflow/example_dags/subdags/subdag.py                                                    0           0  0.05s           2026-09-21T15:05:53
/home/airflow/.local/lib/python3.6/site-packages/airflow/example_dags/example_bash_operator.py                                             1           0  0.18s           2026-09-21T15:05:57
/home/airflow/.local/lib/python3.6/site-packages/airflow/example_dags/example_branch_operator.py                                           1           0  0.13s           2026-09-21T15:05:56
/home/airflow/.local/lib/python3.6/site-packages/airflow/example_dags/example_branch_python_dop_operator_3.py                              1           0  0.24s           2026-09-21T15:05:57
/home/airflow/.local/lib/python3.6/site-packages/airflow/example_dags/example_complex.py                                                   1           0  0.12s           2026-09-21T15:05:58
/home/airflow/.local/lib/python3.6/site-packages/airflow/example_dags/example_dag_decorator.py                                             1           0  0.13s           2026-09-21T15:05:58
/home/airflow/.local/lib/python3.6/site-packages/airflow/example_dags/example_kubernetes_executor.py                                       1           0  0.12s           2026-09-21T15:05:56
/home/airflow/.local/lib/python3.6/site-packages/airflow/example_dags/example_kubernetes_executor_config.py                                1           0  0.13s           2026-09-21T15:05:56
/home/airflow/.local/lib/python3.6/site-packages/airflow/example_dags/example_latest_only.py                                               1           0  0.12s           2026-09-21T15:05:58
/home/airflow/.local/lib/python3.6/site-packages/airflow/example_dags/example_latest_only_with_trigger.py                                  1           0  0.14s           2026-09-21T15:05:56
/home/airflow/.local/lib/python3.6/site-packages/airflow/example_dags/example_nested_branch_dag.py                                         1           0  0.22s           2026-09-21T15:05:57
/home/airflow/.local/lib/python3.6/site-packages/airflow/example_dags/example_passing_params_via_test_command.py                           1           0  0.14s           2026-09-21T15:06:00
/home/airflow/.local/lib/python3.6/site-packages/airflow/example_dags/example_python_operator.py                                           1           0  0.11s           2026-09-21T15:05:56
/home/airflow/.local/lib/python3.6/site-packages/airflow/example_dags/example_short_circuit_operator.py                                    1           0  0.19s           2026-09-21T15:05:55
/home/airflow/.local/lib/python3.6/site-packages/airflow/example_dags/example_skip_dag.py                                                  1           0  0.12s           2026-09-21T15:05:58
/home/airflow/.local/lib/python3.6/site-packages/airflow/example_dags/example_task_group.py                                                1           0  0.16s           2026-09-21T15:05:57
/home/airflow/.local/lib/python3.6/site-packages/airflow/example_dags/example_trigger_controller_dag.py                                    1           0  0.19s           2026-09-21T15:05:57
/home/airflow/.local/lib/python3.6/site-packages/airflow/example_dags/example_trigger_target_dag.py                                        1           0  0.11s           2026-09-21T15:05:58
/home/airflow/.local/lib/python3.6/site-packages/airflow/example_dags/example_xcom.py                                                      1           0  0.12s           2026-09-21T15:05:58
/home/airflow/.local/lib/python3.6/site-packages/airflow/example_dags/test_utils.py                                                        1           0  0.11s           2026-09-21T15:05:58
/home/airflow/.local/lib/python3.6/site-packages/airflow/example_dags/tutorial.py                                                          1           0  0.11s           2026-09-21T15:05:58
/home/airflow/.local/lib/python3.6/site-packages/airflow/example_dags/tutorial_etl_dag.py                                                  1           0  0.11s           2026-09-21T15:05:56
/home/airflow/.local/lib/python3.6/site-packages/airflow/example_dags/tutorial_taskflow_api_etl.py                                         1           0  0.11s           2026-09-21T15:06:00
/home/airflow/.local/lib/python3.6/site-packages/airflow/example_dags/example_external_task_marker_dag.py                                  2           0  0.13s           2026-09-21T15:06:00
/home/airflow/.local/lib/python3.6/site-packages/airflow/example_dags/example_xcomargs.py                                                  2           0  0.22s           2026-09-21T15:05:55
/home/airflow/.local/lib/python3.6/site-packages/airflow/example_dags/example_subdag_operator.py                                           3           0  0.18s           2026-09-21T15:06:01
================================================================================
[2026-09-21 15:06:27,988] {dag_processing.py:1092} INFO - Finding 'running' jobs without a recent heartbeat
[2026-09-21 15:06:27,989] {dag_processing.py:1096} INFO - Failing jobs without heartbeat after 2026-09-21 15:01:27.989281+00:00
[2026-09-21 15:06:38,016] {dag_processing.py:1092} INFO - Finding 'running' jobs without a recent heartbeat
[2026-09-21 15:06:38,017] {dag_processing.py:1096} INFO - Failing jobs without heartbeat after 2026-09-21 15:01:38.017362+00:00
[2026-09-21 15:06:48,181] {dag_processing.py:1092} INFO - Finding 'running' jobs without a recent heartbeat
[2026-09-21 15:06:48,182] {dag_processing.py:1096} INFO - Failing jobs without heartbeat after 2026-09-21 15:01:48.182116+00:00
[2026-09-21 15:06:52,802] {dag_processing.py:859} INFO - 
================================================================================
DAG File Processing Stats

File Path                                                                                                         PID    Runtime      # DAGs    # Errors  Last Runtime    Last Run
----------------------------------------------------------------------------------------------------------------  -----  ---------  --------  ----------  --------------  -------------------
/opt/airflow/dags/datastore_pipeline.py                                                                                                    0           1  0.61s           2026-09-21T15:06:42
/home/airflow/.local/lib/python3.6/site-packages/airflow/example_dags/subdags/subdag.py                                                    0           0  0.06s           2026-09-21T15:06:23
/home/airflow/.local/lib/python3.6/site-packages/airflow/example_dags/example_bash_operator.py                                             1           0  0.17s           2026-09-21T15:06:28
/home/airflow/.local/lib/python3.6/site-packages/airflow/example_dags/example_branch_operator.py                                           1           0  0.13s           2026-09-21T15:06:26
/home/airflow/.local/lib/python3.6/site-packages/airflow/example_dags/example_branch_python_dop_operator_3.py                              1           0  0.14s           2026-09-21T15:06:28
/home/airflow/.local/lib/python3.6/site-packages/airflow/example_dags/example_complex.py                                                   1           0  0.14s           2026-09-21T15:06:29
/home/airflow/.local/lib/python3.6/site-packages/airflow/example_dags/example_dag_decorator.py                                             1           0  0.13s           2026-09-21T15:06:29
/home/airflow/.local/lib/python3.6/site-packages/airflow/example_dags/example_kubernetes_executor.py                                       1           0  0.16s           2026-09-21T15:06:26
/home/airflow/.local/lib/python3.6/site-packages/airflow/example_dags/example_kubernetes_executor_config.py                                1           0  0.13s           2026-09-21T15:06:26
/home/airflow/.local/lib/python3.6/site-packages/airflow/example_dags/example_latest_only.py                                               1           0  0.13s           2026-09-21T15:06:29
/home/airflow/.local/lib/python3.6/site-packages/airflow/example_dags/example_latest_only_with_trigger.py                                  1           0  0.09s           2026-09-21T15:06:27
/home/airflow/.local/lib/python3.6/site-packages/airflow/example_dags/example_nested_branch_dag.py                                         1           0  0.20s           2026-09-21T15:06:28
/home/airflow/.local/lib/python3.6/site-packages/airflow/example_dags/example_passing_params_via_test_command.py                           1           0  0.19s           2026-09-21T15:06:30
/home/airflow/.local/lib/python3.6/site-packages/airflow/example_dags/example_python_operator.py                                           1           0  0.16s           2026-09-21T15:06:26
/home/airflow/.local/lib/python3.6/site-packages/airflow/example_dags/example_short_circuit_operator.py                                    1           0  0.11s           2026-09-21T15:06:25
/home/airflow/.local/lib/python3.6/site-packages/airflow/example_dags/example_skip_dag.py                                                  1           0  0.12s           2026-09-21T15:06:29
/home/airflow/.local/lib/python3.6/site-packages/airflow/example_dags/example_task_group.py                                                1           0  0.11s           2026-09-21T15:06:28
/home/airflow/.local/lib/python3.6/site-packages/airflow/example_dags/example_trigger_controller_dag.py                                    1           0  0.11s           2026-09-21T15:06:28
/home/airflow/.local/lib/python3.6/site-packages/airflow/example_dags/example_trigger_target_dag.py                                        1           0  0.11s           2026-09-21T15:06:29
/home/airflow/.local/lib/python3.6/site-packages/airflow/example_dags/example_xcom.py                                                      1           0  0.11s           2026-09-21T15:06:29
/home/airflow/.local/lib/python3.6/site-packages/airflow/example_dags/test_utils.py                                                        1           0  0.11s           2026-09-21T15:06:29
/home/airflow/.local/lib/python3.6/site-packages/airflow/example_dags/tutorial.py                                                          1           0  0.12s           2026-09-21T15:06:29
/home/airflow/.local/lib/python3.6/site-packages/airflow/example_dags/tutorial_etl_dag.py                                                  1           0  0.16s           2026-09-21T15:06:26
/home/airflow/.local/lib/python3.6/site-packages/airflow/example_dags/tutorial_taskflow_api_etl.py                                         1           0  0.18s           2026-09-21T15:06:31
/home/airflow/.local/lib/python3.6/site-packages/airflow/example_dags/example_external_task_marker_dag.py                                  2           0  0.18s           2026-09-21T15:06:30
/home/airflow/.local/lib/python3.6/site-packages/airflow/example_dags/example_xcomargs.py                                                  2           0  0.12s           2026-09-21T15:06:25
/home/airflow/.local/lib/python3.6/site-packages/airflow/example_dags/example_subdag_operator.py                                           3           0  0.15s           2026-09-21T15:06:32
================================================================================
[2026-09-21 15:06:58,258] {dag_processing.py:1092} INFO - Finding 'running' jobs without a recent heartbeat
[2026-09-21 15:06:58,258] {dag_processing.py:1096} INFO - Failing jobs without heartbeat after 2026-09-21 15:01:58.258675+00:00
[2026-09-21 15:07:08,348] {dag_processing.py:1092} INFO - Finding 'running' jobs without a recent heartbeat
[2026-09-21 15:07:08,349] {dag_processing.py:1096} INFO - Failing jobs without heartbeat after 2026-09-21 15:02:08.349190+00:00
[2026-09-21 15:07:18,377] {dag_processing.py:1092} INFO - Finding 'running' jobs without a recent heartbeat
[2026-09-21 15:07:18,378] {dag_processing.py:1096} INFO - Failing jobs without heartbeat after 2026-09-21 15:02:18.378709+00:00
[2026-09-21 15:07:23,077] {dag_processing.py:859} INFO - 
================================================================================
DAG File Processing Stats

File Path                                                                                                         PID    Runtime      # DAGs    # Errors  Last Runtime    Last Run
----------------------------------------------------------------------------------------------------------------  -----  ---------  --------  ----------  --------------  -------------------
/opt/airflow/dags/datastore_pipeline.py                                                                                                    0           1  0.81s           2026-09-21T15:07:14
/home/airflow/.local/lib/python3.6/site-packages/airflow/example_dags/subdags/subdag.py                                                    0           0  0.05s           2026-09-21T15:06:53
/home/airflow/.local/lib/python3.6/site-packages/airflow/example_dags/example_bash_operator.py                                             1           0  0.11s           2026-09-21T15:06:58
/home/airflow/.local/lib/python3.6/site-packages/airflow/example_dags/example_branch_operator.py                                           1           0  0.11s           2026-09-21T15:06:57
/home/airflow/.local/lib/python3.6/site-packages/airflow/example_dags/example_branch_python_dop_operator_3.py                              1           0  0.11s           2026-09-21T15:06:58
/home/airflow/.local/lib/python3.6/site-packages/airflow/example_dags/example_complex.py                                                   1           0  0.11s           2026-09-21T15:06:59
/home/airflow/.local/lib/python3.6/site-packages/airflow/example_dags/example_dag_decorator.py                                             1           0  0.11s           2026-09-21T15:06:59
/home/airflow/.local/lib/python3.6/site-packages/airflow/example_dags/example_kubernetes_executor.py                                       1           0  0.10s           2026-09-21T15:06:57
/home/airflow/.local/lib/python3.6/site-packages/airflow/example_dags/example_kubernetes_executor_config.py                                1           0  0.11s           2026-09-21T15:06:57
/home/airflow/.local/lib/python3.6/site-packages/airflow/example_dags/example_latest_only.py                                               1           0  0.10s           2026-09-21T15:06:59
/home/airflow/.local/lib/python3.6/site-packages/airflow/example_dags/example_latest_only_with_trigger.py                                  1           0  0.13s           2026-09-21T15:06:57
/home/airflow/.local/lib/python3.6/site-packages/airflow/example_dags/example_nested_branch_dag.py                                         1           0  0.10s           2026-09-21T15:06:58
/home/airflow/.local/lib/python3.6/site-packages/airflow/example_dags/example_passing_params_via_test_command.py                           1           0  0.12s           2026-09-21T15:07:01
/home/airflow/.local/lib/python3.6/site-packages/airflow/example_dags/example_python_operator.py                                           1           0  0.09s           2026-09-21T15:06:57
/home/airflow/.local/lib/python3.6/site-packages/airflow/example_dags/example_short_circuit_operator.py                                    1           0  0.12s           2026-09-21T15:06:55
/home/airflow/.local/lib/python3.6/site-packages/airflow/example_dags/example_skip_dag.py                                                  1           0  0.10s           2026-09-21T15:06:59
/home/airflow/.local/lib/python3.6/site-packages/airflow/example_dags/example_task_group.py                                                1           0  0.10s           2026-09-21T15:06:58
/home/airflow/.local/lib/python3.6/site-packages/airflow/example_dags/example_trigger_controller_dag.py                                    1           0  0.09s           2026-09-21T15:06:58
/home/airflow/.local/lib/python3.6/site-packages/airflow/example_dags/example_trigger_target_dag.py                                        1           0  0.11s           2026-09-21T15:06:59
/home/airflow/.local/lib/python3.6/site-packages/airflow/example_dags/example_xcom.py                                                      1           0  0.10s           2026-09-21T15:06:59
/home/airflow/.local/lib/python3.6/site-packages/airflow/example_dags/test_utils.py                                                        1           0  0.09s           2026-09-21T15:06:59
/home/airflow/.local/lib/python3.6/site-packages/airflow/example_dags/tutorial.py                                                          1           0  0.10s           2026-09-21T15:06:59
/home/airflow/.local/lib/python3.6/site-packages/airflow/example_dags/tutorial_etl_dag.py                                                  1           0  0.11s           2026-09-21T15:06:57
/home/airflow/.local/lib/python3.6/site-packages/airflow/example_dags/tutorial_taskflow_api_etl.py                                         1           0  0.11s           2026-09-21T15:07:02
/home/airflow/.local/lib/python3.6/site-packages/airflow/example_dags/example_external_task_marker_dag.py                                  2           0  0.11s           2026-09-21T15:07:01
/home/airflow/.local/lib/python3.6/site-packages/airflow/example_dags/example_xcomargs.py                                                  2           0  0.12s           2026-09-21T15:06:55
/home/airflow/.local/lib/python3.6/site-packages/airflow/example_dags/example_subdag_operator.py                                           3           0  0.12s           2026-09-21T15:07:02
================================================================================
[2026-09-21 15:07:28,640] {dag_processing.py:1092} INFO - Finding 'running' jobs without a recent heartbeat
[2026-09-21 15:07:28,640] {dag_processing.py:1096} INFO - Failing jobs without heartbeat after 2026-09-21 15:02:28.640867+00:00
[2026-09-21 15:07:38,821] {dag_processing.py:1092} INFO - Finding 'running' jobs without a recent heartbeat
[2026-09-21 15:07:38,821] {dag_processing.py:1096} INFO - Failing jobs without heartbeat after 2026-09-21 15:02:38.821742+00:00
[2026-09-21 15:07:48,935] {dag_processing.py:1092} INFO - Finding 'running' jobs without a recent heartbeat
[2026-09-21 15:07:48,936] {dag_processing.py:1096} INFO - Failing jobs without heartbeat after 2026-09-21 15:02:48.936435+00:00
[2026-09-21 15:07:53,653] {dag_processing.py:859} INFO - 
================================================================================
DAG File Processing Stats

File Path                                                                                                         PID    Runtime      # DAGs    # Errors  Last Runtime    Last Run
----------------------------------------------------------------------------------------------------------------  -----  ---------  --------  ----------  --------------  -------------------
/opt/airflow/dags/datastore_pipeline.py                                                                                                    0           1  0.77s           2026-09-21T15:07:45
/home/airflow/.local/lib/python3.6/site-packages/airflow/example_dags/subdags/subdag.py                                                    0           0  0.06s           2026-09-21T15:07:24
/home/airflow/.local/lib/python3.6/site-packages/airflow/example_dags/example_bash_operator.py                                             1           0  0.19s           2026-09-21T15:07:29
/home/airflow/.local/lib/python3.6/site-packages/airflow/example_dags/example_branch_operator.py                                           1           0  0.14s           2026-09-21T15:07:27
/home/airflow/.local/lib/python3.6/site-packages/airflow/example_dags/example_branch_python_dop_operator_3.py                              1           0  0.21s           2026-09-21T15:07:28
/home/airflow/.local/lib/python3.6/site-packages/airflow/example_dags/example_complex.py                                                   1           0  0.11s           2026-09-21T15:07:30
/home/airflow/.local/lib/python3.6/site-packages/airflow/example_dags/example_dag_decorator.py                                             1           0  0.12s           2026-09-21T15:07:30
/home/airflow/.local/lib/python3.6/site-packages/airflow/example_dags/example_kubernetes_executor.py                                       1           0  0.18s           2026-09-21T15:07:27
/home/airflow/.local/lib/python3.6/site-packages/airflow/example_dags/example_kubernetes_executor_config.py                                1           0  0.14s           2026-09-21T15:07:27
/home/airflow/.local/lib/python3.6/site-packages/airflow/example_dags/example_latest_only.py                                               1           0  0.09s           2026-09-21T15:07:30
/home/airflow/.local/lib/python3.6/site-packages/airflow/example_dags/example_latest_only_with_trigger.py                                  1           0  0.12s           2026-09-21T15:07:27
/home/airflow/.local/lib/python3.6/site-packages/airflow/example_dags/example_nested_branch_dag.py                                         1           0  0.15s           2026-09-21T15:07:29
/home/airflow/.local/lib/python3.6/site-packages/airflow/example_dags/example_passing_params_via_test_command.py                           1           0  0.18s           2026-09-21T15:07:31
/home/airflow/.local/lib/python3.6/site-packages/airflow/example_dags/example_python_operator.py                                           1           0  0.14s           2026-09-21T15:07:27
/home/airflow/.local/lib/python3.6/site-packages/airflow/example_dags/example_short_circuit_operator.py                                    1           0  0.10s           2026-09-21T15:07:26
/home/airflow/.local/lib/python3.6/site-packages/airflow/example_dags/example_skip_dag.py                                                  1           0  0.10s           2026-09-21T15:07:30
/home/airflow/.local/lib/python3.6/site-packages/airflow/example_dags/example_task_group.py                                                1           0  0.17s           2026-09-21T15:07:28
/home/airflow/.local/lib/python3.6/site-packages/airflow/example_dags/example_trigger_controller_dag.py                                    1           0  0.15s           2026-09-21T15:07:28
/home/airflow/.local/lib/python3.6/site-packages/airflow/example_dags/example_trigger_target_dag.py                                        1           0  0.09s           2026-09-21T15:07:30
/home/airflow/.local/lib/python3.6/site-packages/airflow/example_dags/example_xcom.py                                                      1           0  0.10s           2026-09-21T15:07:30
/home/airflow/.local/lib/python3.6/site-packages/airflow/example_dags/test_utils.py                                                        1           0  0.09s           2026-09-21T15:07:30
/home/airflow/.local/lib/python3.6/site-packages/airflow/example_dags/tutorial.py                                                          1           0  0.10s           2026-09-21T15:07:30
/home/airflow/.local/lib/python3.6/site-packages/airflow/example_dags/tutorial_etl_dag.py                                                  1           0  0.15s           2026-09-21T15:07:27
/home/airflow/.local/lib/python3.6/site-packages/airflow/example_dags/tutorial_taskflow_api_etl.py                                         1           0  0.19s           2026-09-21T15:07:32
/home/airflow/.local/lib/python3.6/site-packages/airflow/example_dags/example_external_task_marker_dag.py                                  2           0  0.15s           2026-09-21T15:07:31
/home/airflow/.local/lib/python3.6/site-packages/airflow/example_dags/example_xcomargs.py                                                  2           0  0.11s           2026-09-21T15:07:26
/home/airflow/.local/lib/python3.6/site-packages/airflow/example_dags/example_subdag_operator.py                                           3           0  0.28s           2026-09-21T15:07:32
================================================================================
[2026-09-21 15:07:59,454] {dag_processing.py:1092} INFO - Finding 'running' jobs without a recent heartbeat
[2026-09-21 15:07:59,455] {dag_processing.py:1096} INFO - Failing jobs without heartbeat after 2026-09-21 15:02:59.454991+00:00
[2026-09-21 15:08:09,547] {dag_processing.py:1092} INFO - Finding 'running' jobs without a recent heartbeat
[2026-09-21 15:08:09,548] {dag_processing.py:1096} INFO - Failing jobs without heartbeat after 2026-09-21 15:03:09.548540+00:00
[2026-09-21 15:08:13,483] {dag_processing.py:752} INFO - Searching for files in /opt/airflow/dags
[2026-09-21 15:08:13,527] {dag_processing.py:755} INFO - There are 27 files in /opt/airflow/dags
[2026-09-21 15:08:19,645] {dag_processing.py:1092} INFO - Finding 'running' jobs without a recent heartbeat
[2026-09-21 15:08:19,645] {dag_processing.py:1096} INFO - Failing jobs without heartbeat after 2026-09-21 15:03:19.645615+00:00
[2026-09-21 15:08:23,738] {dag_processing.py:859} INFO - 
================================================================================
DAG File Processing Stats

File Path                                                                                                         PID    Runtime      # DAGs    # Errors  Last Runtime    Last Run
----------------------------------------------------------------------------------------------------------------  -----  ---------  --------  ----------  --------------  -------------------
/opt/airflow/dags/datastore_pipeline.py                                                                                                    0           1  1.17s           2026-09-21T15:08:17
/home/airflow/.local/lib/python3.6/site-packages/airflow/example_dags/subdags/subdag.py                                                    0           0  0.07s           2026-09-21T15:07:54
/home/airflow/.local/lib/python3.6/site-packages/airflow/example_dags/example_bash_operator.py                                             1           0  0.25s           2026-09-21T15:07:59
/home/airflow/.local/lib/python3.6/site-packages/airflow/example_dags/example_branch_operator.py                                           1           0  0.19s           2026-09-21T15:07:58
/home/airflow/.local/lib/python3.6/site-packages/airflow/example_dags/example_branch_python_dop_operator_3.py                              1           0  0.25s           2026-09-21T15:07:59
/home/airflow/.local/lib/python3.6/site-packages/airflow/example_dags/example_complex.py                                                   1           0  0.29s           2026-09-21T15:08:01
/home/airflow/.local/lib/python3.6/site-packages/airflow/example_dags/example_dag_decorator.py                                             1           0  0.34s           2026-09-21T15:08:01
/home/airflow/.local/lib/python3.6/site-packages/airflow/example_dags/example_kubernetes_executor.py                                       1           0  0.18s           2026-09-21T15:07:58
/home/airflow/.local/lib/python3.6/site-packages/airflow/example_dags/example_kubernetes_executor_config.py                                1           0  0.24s           2026-09-21T15:07:58
/home/airflow/.local/lib/python3.6/site-packages/airflow/example_dags/example_latest_only.py                                               1           0  0.25s           2026-09-21T15:08:01
/home/airflow/.local/lib/python3.6/site-packages/airflow/example_dags/example_latest_only_with_trigger.py                                  1           0  0.20s           2026-09-21T15:07:58
/home/airflow/.local/lib/python3.6/site-packages/airflow/example_dags/example_nested_branch_dag.py                                         1           0  0.23s           2026-09-21T15:08:00
/home/airflow/.local/lib/python3.6/site-packages/airflow/example_dags/example_passing_params_via_test_command.py                           1           0  0.24s           2026-09-21T15:08:02
/home/airflow/.local/lib/python3.6/site-packages/airflow/example_dags/example_python_operator.py                                           1           0  0.21s           2026-09-21T15:07:58
/home/airflow/.local/lib/python3.6/site-packages/airflow/example_dags/example_short_circuit_operator.py                                    1           0  0.19s           2026-09-21T15:07:56
/home/airflow/.local/lib/python3.6/site-packages/airflow/example_dags/example_skip_dag.py                                                  1           0  0.22s           2026-09-21T15:08:01
/home/airflow/.local/lib/python3.6/site-packages/airflow/example_dags/example_task_group.py                                                1           0  0.19s           2026-09-21T15:07:59
/home/airflow/.local/lib/python3.6/site-packages/airflow/example_dags/example_trigger_controller_dag.py                                    1           0  0.23s           2026-09-21T15:07:59
/home/airflow/.local/lib/python3.6/site-packages/airflow/example_dags/example_trigger_target_dag.py                                        1           0  0.17s           2026-09-21T15:08:02
/home/airflow/.local/lib/python3.6/site-packages/airflow/example_dags/example_xcom.py                                                      1           0  0.24s           2026-09-21T15:08:01
/home/airflow/.local/lib/python3.6/site-packages/airflow/example_dags/test_utils.py                                                        1           0  0.20s           2026-09-21T15:08:01
/home/airflow/.local/lib/python3.6/site-packages/airflow/example_dags/tutorial.py                                                          1           0  0.29s           2026-09-21T15:08:01
/home/airflow/.local/lib/python3.6/site-packages/airflow/example_dags/tutorial_etl_dag.py                                                  1           0  0.16s           2026-09-21T15:07:58
/home/airflow/.local/lib/python3.6/site-packages/airflow/example_dags/tutorial_taskflow_api_etl.py                                         1           0  0.22s           2026-09-21T15:08:03
/home/airflow/.local/lib/python3.6/site-packages/airflow/example_dags/example_external_task_marker_dag.py                                  2           0  0.20s           2026-09-21T15:08:02
/home/airflow/.local/lib/python3.6/site-packages/airflow/example_dags/example_xcomargs.py                                                  2           0  0.22s           2026-09-21T15:07:56
/home/airflow/.local/lib/python3.6/site-packages/airflow/example_dags/example_subdag_operator.py                                           3           0  0.29s           2026-09-21T15:08:03
================================================================================
[2026-09-21 15:08:30,035] {dag_processing.py:1092} INFO - Finding 'running' jobs without a recent heartbeat
[2026-09-21 15:08:30,037] {dag_processing.py:1096} INFO - Failing jobs without heartbeat after 2026-09-21 15:03:30.037440+00:00
[2026-09-21 15:08:40,069] {dag_processing.py:1092} INFO - Finding 'running' jobs without a recent heartbeat
[2026-09-21 15:08:40,069] {dag_processing.py:1096} INFO - Failing jobs without heartbeat after 2026-09-21 15:03:40.069819+00:00
[2026-09-21 15:08:50,174] {dag_processing.py:1092} INFO - Finding 'running' jobs without a recent heartbeat
[2026-09-21 15:08:50,175] {dag_processing.py:1096} INFO - Failing jobs without heartbeat after 2026-09-21 15:03:50.175553+00:00
[2026-09-21 15:08:54,080] {dag_processing.py:859} INFO - 
================================================================================
DAG File Processing Stats

File Path                                                                                                         PID    Runtime      # DAGs    # Errors  Last Runtime    Last Run
----------------------------------------------------------------------------------------------------------------  -----  ---------  --------  ----------  --------------  -------------------
/opt/airflow/dags/datastore_pipeline.py                                                                                                    0           1  1.94s           2026-09-21T15:08:50
/home/airflow/.local/lib/python3.6/site-packages/airflow/example_dags/subdags/subdag.py                                                    0           0  0.12s           2026-09-21T15:08:24
/home/airflow/.local/lib/python3.6/site-packages/airflow/example_dags/example_bash_operator.py                                             1           0  0.55s           2026-09-21T15:08:30
/home/airflow/.local/lib/python3.6/site-packages/airflow/example_dags/example_branch_operator.py                                           1           0  0.42s           2026-09-21T15:08:28
/home/airflow/.local/lib/python3.6/site-packages/airflow/example_dags/example_branch_python_dop_operator_3.py                              1           0  0.68s           2026-09-21T15:08:30
/home/airflow/.local/lib/python3.6/site-packages/airflow/example_dags/example_complex.py                                                   1           0  0.32s           2026-09-21T15:08:31
/home/airflow/.local/lib/python3.6/site-packages/airflow/example_dags/example_dag_decorator.py                                             1           0  0.37s           2026-09-21T15:08:32
/home/airflow/.local/lib/python3.6/site-packages/airflow/example_dags/example_kubernetes_executor.py                                       1           0  0.28s           2026-09-21T15:08:28
/home/airflow/.local/lib/python3.6/site-packages/airflow/example_dags/example_kubernetes_executor_config.py                                1           0  0.36s           2026-09-21T15:08:29
/home/airflow/.local/lib/python3.6/site-packages/airflow/example_dags/example_latest_only.py                                               1           0  0.17s           2026-09-21T15:08:31
/home/airflow/.local/lib/python3.6/site-packages/airflow/example_dags/example_latest_only_with_trigger.py                                  1           0  0.24s           2026-09-21T15:08:29
/home/airflow/.local/lib/python3.6/site-packages/airflow/example_dags/example_nested_branch_dag.py                                         1           0  0.30s           2026-09-21T15:08:31
/home/airflow/.local/lib/python3.6/site-packages/airflow/example_dags/example_passing_params_via_test_command.py                           1           0  0.27s           2026-09-21T15:08:32
/home/airflow/.local/lib/python3.6/site-packages/airflow/example_dags/example_python_operator.py                                           1           0  0.32s           2026-09-21T15:08:28
/home/airflow/.local/lib/python3.6/site-packages/airflow/example_dags/example_short_circuit_operator.py                                    1           0  0.19s           2026-09-21T15:08:27
/home/airflow/.local/lib/python3.6/site-packages/airflow/example_dags/example_skip_dag.py                                                  1           0  0.24s           2026-09-21T15:08:32
/home/airflow/.local/lib/python3.6/site-packages/airflow/example_dags/example_task_group.py                                                1           0  0.37s           2026-09-21T15:08:31
/home/airflow/.local/lib/python3.6/site-packages/airflow/example_dags/example_trigger_controller_dag.py                                    1           0  0.32s           2026-09-21T15:08:30
/home/airflow/.local/lib/python3.6/site-packages/airflow/example_dags/example_trigger_target_dag.py                                        1           0  0.22s           2026-09-21T15:08:32
/home/airflow/.local/lib/python3.6/site-packages/airflow/example_dags/example_xcom.py                                                      1           0  0.25s           2026-09-21T15:08:32
/home/airflow/.local/lib/python3.6/site-packages/airflow/example_dags/test_utils.py                                                        1           0  0.23s           2026-09-21T15:08:32
/home/airflow/.local/lib/python3.6/site-packages/airflow/example_dags/tutorial.py                                                          1           0  0.32s           2026-09-21T15:08:32
/home/airflow/.local/lib/python3.6/site-packages/airflow/example_dags/tutorial_etl_dag.py                                                  1           0  0.31s           2026-09-21T15:08:28
/home/airflow/.local/lib/python3.6/site-packages/airflow/example_dags/tutorial_taskflow_api_etl.py                                         1           0  0.24s           2026-09-21T15:08:34
/home/airflow/.local/lib/python3.6/site-packages/airflow/example_dags/example_external_task_marker_dag.py                                  2           0  0.29s           2026-09-21T15:08:32
/home/airflow/.local/lib/python3.6/site-packages/airflow/example_dags/example_xcomargs.py                                                  2           0  0.25s           2026-09-21T15:08:27
/home/airflow/.local/lib/python3.6/site-packages/airflow/example_dags/example_subdag_operator.py                                           3           0  0.28s           2026-09-21T15:08:34
================================================================================
[2026-09-21 15:09:00,535] {dag_processing.py:1092} INFO - Finding 'running' jobs without a recent heartbeat
[2026-09-21 15:09:00,536] {dag_processing.py:1096} INFO - Failing jobs without heartbeat after 2026-09-21 15:04:00.536599+00:00
[2026-09-21 15:09:10,697] {dag_processing.py:1092} INFO - Finding 'running' jobs without a recent heartbeat
[2026-09-21 15:09:10,698] {dag_processing.py:1096} INFO - Failing jobs without heartbeat after 2026-09-21 15:04:10.698638+00:00
[2026-09-21 15:09:20,758] {dag_processing.py:1092} INFO - Finding 'running' jobs without a recent heartbeat
[2026-09-21 15:09:20,759] {dag_processing.py:1096} INFO - Failing jobs without heartbeat after 2026-09-21 15:04:20.759257+00:00
[2026-09-21 15:09:24,654] {dag_processing.py:859} INFO - 
================================================================================
DAG File Processing Stats

File Path                                                                                                         PID    Runtime      # DAGs    # Errors  Last Runtime    Last Run
----------------------------------------------------------------------------------------------------------------  -----  ---------  --------  ----------  --------------  -------------------
/opt/airflow/dags/datastore_pipeline.py                                                                                                    0           1  0.87s           2026-09-21T15:09:21
/home/airflow/.local/lib/python3.6/site-packages/airflow/example_dags/subdags/subdag.py                                                    0           0  0.17s           2026-09-21T15:08:55
/home/airflow/.local/lib/python3.6/site-packages/airflow/example_dags/example_bash_operator.py                                             1           0  0.39s           2026-09-21T15:09:01
/home/airflow/.local/lib/python3.6/site-packages/airflow/example_dags/example_branch_operator.py                                           1           0  0.43s           2026-09-21T15:08:59
/home/airflow/.local/lib/python3.6/site-packages/airflow/example_dags/example_branch_python_dop_operator_3.py                              1           0  0.38s           2026-09-21T15:09:01
/home/airflow/.local/lib/python3.6/site-packages/airflow/example_dags/example_complex.py                                                   1           0  0.31s           2026-09-21T15:09:02
/home/airflow/.local/lib/python3.6/site-packages/airflow/example_dags/example_dag_decorator.py                                             1           0  0.39s           2026-09-21T15:09:02
/home/airflow/.local/lib/python3.6/site-packages/airflow/example_dags/example_kubernetes_executor.py                                       1           0  0.38s           2026-09-21T15:08:59
/home/airflow/.local/lib/python3.6/site-packages/airflow/example_dags/example_kubernetes_executor_config.py                                1           0  0.22s           2026-09-21T15:08:59
/home/airflow/.local/lib/python3.6/site-packages/airflow/example_dags/example_latest_only.py                                               1           0  0.39s           2026-09-21T15:09:01
/home/airflow/.local/lib/python3.6/site-packages/airflow/example_dags/example_latest_only_with_trigger.py                                  1           0  0.20s           2026-09-21T15:08:59
/home/airflow/.local/lib/python3.6/site-packages/airflow/example_dags/example_nested_branch_dag.py                                         1           0  0.33s           2026-09-21T15:09:01
/home/airflow/.local/lib/python3.6/site-packages/airflow/example_dags/example_passing_params_via_test_command.py                           1           0  0.33s           2026-09-21T15:09:03
/home/airflow/.local/lib/python3.6/site-packages/airflow/example_dags/example_python_operator.py                                           1           0  0.33s           2026-09-21T15:08:59
/home/airflow/.local/lib/python3.6/site-packages/airflow/example_dags/example_short_circuit_operator.py                                    1           0  0.25s           2026-09-21T15:08:57
/home/airflow/.local/lib/python3.6/site-packages/airflow/example_dags/example_skip_dag.py                                                  1           0  0.31s           2026-09-21T15:09:02
/home/airflow/.local/lib/python3.6/site-packages/airflow/example_dags/example_task_group.py                                                1           0  0.27s           2026-09-21T15:09:01
/home/airflow/.local/lib/python3.6/site-packages/airflow/example_dags/example_trigger_controller_dag.py                                    1           0  0.28s           2026-09-21T15:09:00
/home/airflow/.local/lib/python3.6/site-packages/airflow/example_dags/example_trigger_target_dag.py                                        1           0  0.20s           2026-09-21T15:09:03
/home/airflow/.local/lib/python3.6/site-packages/airflow/example_dags/example_xcom.py                                                      1           0  0.29s           2026-09-21T15:09:03
/home/airflow/.local/lib/python3.6/site-packages/airflow/example_dags/test_utils.py                                                        1           0  0.28s           2026-09-21T15:09:02
/home/airflow/.local/lib/python3.6/site-packages/airflow/example_dags/tutorial.py                                                          1           0  0.28s           2026-09-21T15:09:02
/home/airflow/.local/lib/python3.6/site-packages/airflow/example_dags/tutorial_etl_dag.py                                                  1           0  0.20s           2026-09-21T15:08:58
/home/airflow/.local/lib/python3.6/site-packages/airflow/example_dags/tutorial_taskflow_api_etl.py                                         1           0  0.32s           2026-09-21T15:09:04
/home/airflow/.local/lib/python3.6/site-packages/airflow/example_dags/example_external_task_marker_dag.py                                  2           0  0.24s           2026-09-21T15:09:03
/home/airflow/.local/lib/python3.6/site-packages/airflow/example_dags/example_xcomargs.py                                                  2           0  0.27s           2026-09-21T15:08:57
/home/airflow/.local/lib/python3.6/site-packages/airflow/example_dags/example_subdag_operator.py                                           3           0  0.44s           2026-09-21T15:09:04
================================================================================
[2026-09-21 15:09:31,422] {dag_processing.py:1092} INFO - Finding 'running' jobs without a recent heartbeat
[2026-09-21 15:09:31,423] {dag_processing.py:1096} INFO - Failing jobs without heartbeat after 2026-09-21 15:04:31.423564+00:00
[2026-09-21 15:09:41,465] {dag_processing.py:1092} INFO - Finding 'running' jobs without a recent heartbeat
[2026-09-21 15:09:41,466] {dag_processing.py:1096} INFO - Failing jobs without heartbeat after 2026-09-21 15:04:41.466130+00:00
[2026-09-21 15:09:51,511] {dag_processing.py:1092} INFO - Finding 'running' jobs without a recent heartbeat
[2026-09-21 15:09:51,512] {dag_processing.py:1096} INFO - Failing jobs without heartbeat after 2026-09-21 15:04:51.512252+00:00
[2026-09-21 15:09:55,256] {dag_processing.py:859} INFO - 
================================================================================
DAG File Processing Stats

File Path                                                                                                         PID    Runtime      # DAGs    # Errors  Last Runtime    Last Run
----------------------------------------------------------------------------------------------------------------  -----  ---------  --------  ----------  --------------  -------------------
/opt/airflow/dags/datastore_pipeline.py                                                                                                    0           1  0.72s           2026-09-21T15:09:53
/home/airflow/.local/lib/python3.6/site-packages/airflow/example_dags/subdags/subdag.py                                                    0           0  0.08s           2026-09-21T15:09:25
/home/airflow/.local/lib/python3.6/site-packages/airflow/example_dags/example_bash_operator.py                                             1           0  0.17s           2026-09-21T15:09:31
/home/airflow/.local/lib/python3.6/site-packages/airflow/example_dags/example_branch_operator.py                                           1           0  0.21s           2026-09-21T15:09:30
/home/airflow/.local/lib/python3.6/site-packages/airflow/example_dags/example_branch_python_dop_operator_3.py                              1           0  0.22s           2026-09-21T15:09:31
/home/airflow/.local/lib/python3.6/site-packages/airflow/example_dags/example_complex.py                                                   1           0  0.22s           2026-09-21T15:09:33
/home/airflow/.local/lib/python3.6/site-packages/airflow/example_dags/example_dag_decorator.py                                             1           0  0.22s           2026-09-21T15:09:33
/home/airflow/.local/lib/python3.6/site-packages/airflow/example_dags/example_kubernetes_executor.py                                       1           0  0.18s           2026-09-21T15:09:30
/home/airflow/.local/lib/python3.6/site-packages/airflow/example_dags/example_kubernetes_executor_config.py                                1           0  0.19s           2026-09-21T15:09:30
/home/airflow/.local/lib/python3.6/site-packages/airflow/example_dags/example_latest_only.py                                               1           0  0.23s           2026-09-21T15:09:33
/home/airflow/.local/lib/python3.6/site-packages/airflow/example_dags/example_latest_only_with_trigger.py                                  1           0  0.17s           2026-09-21T15:09:30
/home/airflow/.local/lib/python3.6/site-packages/airflow/example_dags/example_nested_branch_dag.py                                         1           0  0.27s           2026-09-21T15:09:33
/home/airflow/.local/lib/python3.6/site-packages/airflow/example_dags/example_passing_params_via_test_command.py                           1           0  0.31s           2026-09-21T15:09:34
/home/airflow/.local/lib/python3.6/site-packages/airflow/example_dags/example_python_operator.py                                           1           0  0.20s           2026-09-21T15:09:30
/home/airflow/.local/lib/python3.6/site-packages/airflow/example_dags/example_short_circuit_operator.py                                    1           0  0.19s           2026-09-21T15:09:27
/home/airflow/.local/lib/python3.6/site-packages/airflow/example_dags/example_skip_dag.py                                                  1           0  0.24s           2026-09-21T15:09:33
/home/airflow/.local/lib/python3.6/site-packages/airflow/example_dags/example_task_group.py                                                1           0  0.16s           2026-09-21T15:09:31
/home/airflow/.local/lib/python3.6/site-packages/airflow/example_dags/example_trigger_controller_dag.py                                    1           0  0.16s           2026-09-21T15:09:31
/home/airflow/.local/lib/python3.6/site-packages/airflow/example_dags/example_trigger_target_dag.py                                        1           0  0.19s           2026-09-21T15:09:34
/home/airflow/.local/lib/python3.6/site-packages/airflow/example_dags/example_xcom.py                                                      1           0  0.23s           2026-09-21T15:09:33
/home/airflow/.local/lib/python3.6/site-packages/airflow/example_dags/test_utils.py                                                        1           0  0.20s           2026-09-21T15:09:33
/home/airflow/.local/lib/python3.6/site-packages/airflow/example_dags/tutorial.py                                                          1           0  0.25s           2026-09-21T15:09:33
/home/airflow/.local/lib/python3.6/site-packages/airflow/example_dags/tutorial_etl_dag.py                                                  1           0  0.19s           2026-09-21T15:09:29
/home/airflow/.local/lib/python3.6/site-packages/airflow/example_dags/tutorial_taskflow_api_etl.py                                         1           0  0.19s           2026-09-21T15:09:35
/home/airflow/.local/lib/python3.6/site-packages/airflow/example_dags/example_external_task_marker_dag.py                                  2           0  0.27s           2026-09-21T15:09:34
/home/airflow/.local/lib/python3.6/site-packages/airflow/example_dags/example_xcomargs.py                                                  2           0  0.25s           2026-09-21T15:09:28
/home/airflow/.local/lib/python3.6/site-packages/airflow/example_dags/example_subdag_operator.py                                           3           0  0.26s           2026-09-21T15:09:35
================================================================================
[2026-09-21 15:10:01,862] {dag_processing.py:1092} INFO - Finding 'running' jobs without a recent heartbeat
[2026-09-21 15:10:01,863] {dag_processing.py:1096} INFO - Failing jobs without heartbeat after 2026-09-21 15:05:01.863294+00:00
[2026-09-21 15:10:11,914] {dag_processing.py:1092} INFO - Finding 'running' jobs without a recent heartbeat
[2026-09-21 15:10:11,915] {dag_processing.py:1096} INFO - Failing jobs without heartbeat after 2026-09-21 15:05:11.915423+00:00
[2026-09-21 15:10:21,947] {dag_processing.py:1092} INFO - Finding 'running' jobs without a recent heartbeat
[2026-09-21 15:10:21,948] {dag_processing.py:1096} INFO - Failing jobs without heartbeat after 2026-09-21 15:05:21.948185+00:00
[2026-09-21 15:10:25,479] {dag_processing.py:859} INFO - 
================================================================================
DAG File Processing Stats

File Path                                                                                                         PID    Runtime      # DAGs    # Errors  Last Runtime    Last Run
----------------------------------------------------------------------------------------------------------------  -----  ---------  --------  ----------  --------------  -------------------
/opt/airflow/dags/datastore_pipeline.py                                                                                                    0           1  0.72s           2026-09-21T15:10:24
/home/airflow/.local/lib/python3.6/site-packages/airflow/example_dags/subdags/subdag.py                                                    0           0  0.05s           2026-09-21T15:09:56
/home/airflow/.local/lib/python3.6/site-packages/airflow/example_dags/example_bash_operator.py                                             1           0  0.16s           2026-09-21T15:10:02
/home/airflow/.local/lib/python3.6/site-packages/airflow/example_dags/example_branch_operator.py                                           1           0  0.22s           2026-09-21T15:10:00
/home/airflow/.local/lib/python3.6/site-packages/airflow/example_dags/example_branch_python_dop_operator_3.py                              1           0  0.18s           2026-09-21T15:10:02
/home/airflow/.local/lib/python3.6/site-packages/airflow/example_dags/example_complex.py                                                   1           0  0.18s           2026-09-21T15:10:03
/home/airflow/.local/lib/python3.6/site-packages/airflow/example_dags/example_dag_decorator.py                                             1           0  0.18s           2026-09-21T15:10:03
/home/airflow/.local/lib/python3.6/site-packages/airflow/example_dags/example_kubernetes_executor.py                                       1           0  0.19s           2026-09-21T15:10:00
/home/airflow/.local/lib/python3.6/site-packages/airflow/example_dags/example_kubernetes_executor_config.py                                1           0  0.19s           2026-09-21T15:10:00
/home/airflow/.local/lib/python3.6/site-packages/airflow/example_dags/example_latest_only.py                                               1           0  0.18s           2026-09-21T15:10:03
/home/airflow/.local/lib/python3.6/site-packages/airflow/example_dags/example_latest_only_with_trigger.py                                  1           0  0.18s           2026-09-21T15:10:01
/home/airflow/.local/lib/python3.6/site-packages/airflow/example_dags/example_nested_branch_dag.py                                         1           0  0.18s           2026-09-21T15:10:03
/home/airflow/.local/lib/python3.6/site-packages/airflow/example_dags/example_passing_params_via_test_command.py                           1           0  0.32s           2026-09-21T15:10:05
/home/airflow/.local/lib/python3.6/site-packages/airflow/example_dags/example_python_operator.py                                           1           0  0.17s           2026-09-21T15:10:00
/home/airflow/.local/lib/python3.6/site-packages/airflow/example_dags/example_short_circuit_operator.py                                    1           0  0.15s           2026-09-21T15:09:58
/home/airflow/.local/lib/python3.6/site-packages/airflow/example_dags/example_skip_dag.py                                                  1           0  0.26s           2026-09-21T15:10:05
/home/airflow/.local/lib/python3.6/site-packages/airflow/example_dags/example_task_group.py                                                1           0  0.14s           2026-09-21T15:10:02
/home/airflow/.local/lib/python3.6/site-packages/airflow/example_dags/example_trigger_controller_dag.py                                    1           0  0.14s           2026-09-21T15:10:02
/home/airflow/.local/lib/python3.6/site-packages/airflow/example_dags/example_trigger_target_dag.py                                        1           0  0.21s           2026-09-21T15:10:05
/home/airflow/.local/lib/python3.6/site-packages/airflow/example_dags/example_xcom.py                                                      1           0  0.20s           2026-09-21T15:10:04
/home/airflow/.local/lib/python3.6/site-packages/airflow/example_dags/test_utils.py                                                        1           0  0.15s           2026-09-21T15:10:03
/home/airflow/.local/lib/python3.6/site-packages/airflow/example_dags/tutorial.py                                                          1           0  0.16s           2026-09-21T15:10:03
/home/airflow/.local/lib/python3.6/site-packages/airflow/example_dags/tutorial_etl_dag.py                                                  1           0  0.15s           2026-09-21T15:09:59
/home/airflow/.local/lib/python3.6/site-packages/airflow/example_dags/tutorial_taskflow_api_etl.py                                         1           0  0.21s           2026-09-21T15:10:05
/home/airflow/.local/lib/python3.6/site-packages/airflow/example_dags/example_external_task_marker_dag.py                                  2           0  0.28s           2026-09-21T15:10:05
/home/airflow/.local/lib/python3.6/site-packages/airflow/example_dags/example_xcomargs.py                                                  2           0  0.17s           2026-09-21T15:09:58
/home/airflow/.local/lib/python3.6/site-packages/airflow/example_dags/example_subdag_operator.py                                           3           0  0.21s           2026-09-21T15:10:05
================================================================================
[2026-09-21 15:10:32,275] {dag_processing.py:1092} INFO - Finding 'running' jobs without a recent heartbeat
[2026-09-21 15:10:32,276] {dag_processing.py:1096} INFO - Failing jobs without heartbeat after 2026-09-21 15:05:32.276403+00:00
[2026-09-21 15:10:34,542] {dag_processing.py:983} ERROR - Processor for /home/airflow/.local/lib/python3.6/site-packages/airflow/example_dags/example_dag_decorator.py exited with return code 1.
[2026-09-21 15:10:34,885] {dag_processing.py:983} ERROR - Processor for /home/airflow/.local/lib/python3.6/site-packages/airflow/example_dags/example_complex.py exited with return code 1.
[2026-09-21 15:10:34,994] {dag_processing.py:582} INFO - Exiting gracefully upon receiving signal 15
[2026-09-21 15:10:34,995] {dag_processing.py:582} INFO - Exiting gracefully upon receiving signal 15
[2026-09-21 15:10:34,994] {dag_processing.py:582} INFO - Exiting gracefully upon receiving signal 15
[2026-09-21 15:10:35,433] {dag_processing.py:582} INFO - Exiting gracefully upon receiving signal 15
[2026-09-21 15:10:35,466] {dag_processing.py:582} INFO - Exiting gracefully upon receiving signal 15
